0 verbose cli /usr/bin/node /usr/bin/npm
1 info using npm@10.8.2
2 info using node@v20.20.2
3 silly config load:file:/usr/lib/node_modules/npm/npmrc
4 silly config load:file:/home/user/.npmrc
5 silly config load:file:/usr/etc/npmrc
6 verbose title npm install
7 verbose argv "install"
8 verbose logfile logs-max:10 dir:/home/user/.npm/_logs/2026-07-24T14_09_36_473Z-
9 verbose logfile /home/user/.npm/_logs/2026-07-24T14_09_36_473Z-debug-0.log
10 silly packumentCache heap:998768640 maxSize:249692160 maxEntrySize:124846080
11 silly logfile done cleaning log files
12 silly idealTree buildDeps
13 silly fetch manifest @capacitor/cli@^5.7.0
14 silly packumentCache full:https://registry.npmjs.org/@capacitor%2fcli cache-miss
15 http fetch GET 200 https://registry.npmjs.org/@capacitor%2fcli 22ms (cache hit)
16 silly packumentCache full:https://registry.npmjs.org/@capacitor%2fcli set size:5010094 disposed:false
17 silly fetch manifest @capacitor/core@^5.7.0
18 silly packumentCache full:https://registry.npmjs.org/@capacitor%2fcore cache-miss
19 http fetch GET 200 https://registry.npmjs.org/@capacitor%2fcore 14ms (cache hit)
20 silly packumentCache full:https://registry.npmjs.org/@capacitor%2fcore set size:4650340 disposed:false
21 silly fetch manifest @capacitor/ios@^5.7.0
22 silly packumentCache full:https://registry.npmjs.org/@capacitor%2fios cache-miss
23 http fetch GET 200 https://registry.npmjs.org/@capacitor%2fios 20ms (cache hit)
24 silly packumentCache full:https://registry.npmjs.org/@capacitor%2fios set size:3520307 disposed:false
25 silly fetch manifest @capacitor/push-notifications@^5.1.0
26 silly packumentCache full:https://registry.npmjs.org/@capacitor%2fpush-notifications cache-miss
27 http fetch GET 200 https://registry.npmjs.org/@capacitor%2fpush-notifications 13ms (cache hit)
28 silly packumentCache full:https://registry.npmjs.org/@capacitor%2fpush-notifications set size:5044373 disposed:false
29 silly fetch manifest @revenuecat/purchases-capacitor@^6.1.2
30 silly packumentCache full:https://registry.npmjs.org/@revenuecat%2fpurchases-capacitor cache-miss
31 http fetch GET 200 https://registry.npmjs.org/@revenuecat%2fpurchases-capacitor 13ms (cache hit)
32 silly packumentCache full:https://registry.npmjs.org/@revenuecat%2fpurchases-capacitor set size:530996 disposed:false
33 silly fetch manifest @supabase/ssr@^0.1.0
34 silly packumentCache full:https://registry.npmjs.org/@supabase%2fssr cache-miss
35 http fetch GET 200 https://registry.npmjs.org/@supabase%2fssr 4ms (cache hit)
36 silly packumentCache full:https://registry.npmjs.org/@supabase%2fssr set size:236934 disposed:false
37 silly fetch manifest @supabase/supabase-js@^2.39.8
38 silly packumentCache full:https://registry.npmjs.org/@supabase%2fsupabase-js cache-miss
39 http fetch GET 200 https://registry.npmjs.org/@supabase%2fsupabase-js 10ms (cache hit)
40 silly packumentCache full:https://registry.npmjs.org/@supabase%2fsupabase-js set size:3776433 disposed:false
41 silly fetch manifest clsx@^2.1.0
42 silly packumentCache full:https://registry.npmjs.org/clsx cache-miss
43 http fetch GET 200 https://registry.npmjs.org/clsx 4ms (cache hit)
44 silly packumentCache full:https://registry.npmjs.org/clsx set size:42506 disposed:false
45 silly fetch manifest lucide-react@^0.344.0
46 silly packumentCache full:https://registry.npmjs.org/lucide-react cache-miss
47 http fetch GET 200 https://registry.npmjs.org/lucide-react 12ms (cache hit)
48 silly packumentCache full:https://registry.npmjs.org/lucide-react set size:2293728 disposed:false
49 silly fetch manifest react@^18.2.0
50 silly packumentCache full:https://registry.npmjs.org/react cache-miss
51 http fetch GET 200 https://registry.npmjs.org/react 21ms (cache hit)
52 silly packumentCache full:https://registry.npmjs.org/react set size:6830011 disposed:false
53 silly fetch manifest next@^14.1.0
54 silly packumentCache full:https://registry.npmjs.org/next cache-miss
55 http fetch GET 200 https://registry.npmjs.org/next 77ms (cache hit)
56 silly packumentCache full:https://registry.npmjs.org/next set size:30983667 disposed:false
57 silly fetch manifest @opentelemetry/api@^1.1.0
58 silly packumentCache full:https://registry.npmjs.org/@opentelemetry%2fapi cache-miss
59 http fetch GET 200 https://registry.npmjs.org/@opentelemetry%2fapi 22ms (cache hit)
60 silly packumentCache full:https://registry.npmjs.org/@opentelemetry%2fapi set size:272967 disposed:false
61 silly fetch manifest @playwright/test@^1.41.2
62 silly packumentCache full:https://registry.npmjs.org/@playwright%2ftest cache-miss
63 http fetch GET 200 https://registry.npmjs.org/@playwright%2ftest 23ms (cache hit)
64 silly packumentCache full:https://registry.npmjs.org/@playwright%2ftest set size:9342180 disposed:false
65 silly fetch manifest react-dom@^18.2.0
66 silly packumentCache full:https://registry.npmjs.org/react-dom cache-miss
67 http fetch GET 200 https://registry.npmjs.org/react-dom 22ms (cache hit)
68 silly packumentCache full:https://registry.npmjs.org/react-dom set size:9160340 disposed:false
69 silly fetch manifest sass@^1.3.0
70 silly packumentCache full:https://registry.npmjs.org/sass cache-miss
71 http fetch GET 200 https://registry.npmjs.org/sass 7ms (cache hit)
72 silly packumentCache full:https://registry.npmjs.org/sass set size:740946 disposed:false
73 silly fetch manifest tailwind-merge@^2.2.1
74 silly packumentCache full:https://registry.npmjs.org/tailwind-merge cache-miss
75 http fetch GET 200 https://registry.npmjs.org/tailwind-merge 6ms (cache hit)
76 silly packumentCache full:https://registry.npmjs.org/tailwind-merge set size:1669841 disposed:false
77 silly fetch manifest zustand@^4.5.1
78 silly packumentCache full:https://registry.npmjs.org/zustand cache-miss
79 http fetch GET 200 https://registry.npmjs.org/zustand 3ms (cache hit)
80 silly packumentCache full:https://registry.npmjs.org/zustand set size:486775 disposed:false
81 silly fetch manifest @types/react@^18.2.61
82 silly packumentCache full:https://registry.npmjs.org/@types%2freact cache-miss
83 http fetch GET 200 https://registry.npmjs.org/@types%2freact 9ms (cache hit)
84 silly packumentCache full:https://registry.npmjs.org/@types%2freact set size:2632776 disposed:false
85 silly fetch manifest immer@>=9.0.6
86 silly packumentCache full:https://registry.npmjs.org/immer cache-miss
87 http fetch GET 200 https://registry.npmjs.org/immer 7ms (cache hit)
88 silly packumentCache full:https://registry.npmjs.org/immer set size:787228 disposed:false
89 silly fetch manifest @types/node@^20.11.24
90 silly packumentCache full:https://registry.npmjs.org/@types%2fnode cache-miss
91 http fetch GET 200 https://registry.npmjs.org/@types%2fnode 25ms (cache hit)
92 silly packumentCache full:https://registry.npmjs.org/@types%2fnode set size:11080817 disposed:false
93 silly fetch manifest @types/react-dom@^18.2.19
94 silly packumentCache full:https://registry.npmjs.org/@types%2freact-dom cache-miss
95 http fetch GET 200 https://registry.npmjs.org/@types%2freact-dom 4ms (cache hit)
96 silly packumentCache full:https://registry.npmjs.org/@types%2freact-dom set size:429026 disposed:false
97 silly fetch manifest autoprefixer@^10.4.18
98 silly packumentCache full:https://registry.npmjs.org/autoprefixer cache-miss
99 http fetch GET 200 https://registry.npmjs.org/autoprefixer 6ms (cache hit)
100 silly packumentCache full:https://registry.npmjs.org/autoprefixer set size:1366815 disposed:false
101 silly fetch manifest postcss@^8.4.35
102 silly packumentCache full:https://registry.npmjs.org/postcss cache-miss
103 http fetch GET 200 https://registry.npmjs.org/postcss 4ms (cache hit)
104 silly packumentCache full:https://registry.npmjs.org/postcss set size:746616 disposed:false
105 silly fetch manifest tailwindcss@^3.4.1
106 silly packumentCache full:https://registry.npmjs.org/tailwindcss cache-miss
107 http fetch GET 200 https://registry.npmjs.org/tailwindcss 25ms (cache hit)
108 silly packumentCache full:https://registry.npmjs.org/tailwindcss set size:10778950 disposed:false
109 silly fetch manifest typescript@^5.3.3
110 silly packumentCache full:https://registry.npmjs.org/typescript cache-miss
111 http fetch GET 200 https://registry.npmjs.org/typescript 32ms (cache hit)
112 silly packumentCache full:https://registry.npmjs.org/typescript set size:15472089 disposed:false
113 silly placeDep ROOT @capacitor/cli@5.7.8 OK for: inside-english-v2@2.0.0 want: ^5.7.0
114 silly placeDep ROOT @capacitor/core@5.7.8 OK for: inside-english-v2@2.0.0 want: ^5.7.0
115 silly placeDep ROOT @capacitor/ios@5.7.8 OK for: inside-english-v2@2.0.0 want: ^5.7.0
116 silly placeDep ROOT @capacitor/push-notifications@5.1.2 OK for: inside-english-v2@2.0.0 want: ^5.1.0
117 silly placeDep ROOT @revenuecat/purchases-capacitor@6.1.2 OK for: inside-english-v2@2.0.0 want: ^6.1.2
118 silly placeDep ROOT @supabase/ssr@0.1.0 OK for: inside-english-v2@2.0.0 want: ^0.1.0
119 silly placeDep ROOT @supabase/supabase-js@2.109.0 OK for: @supabase/ssr@0.1.0 want: ^2.33.1
120 silly placeDep ROOT @types/node@20.19.43 OK for: inside-english-v2@2.0.0 want: ^20.11.24
121 silly placeDep ROOT @types/react@18.3.31 OK for: inside-english-v2@2.0.0 want: ^18.2.61
122 silly placeDep ROOT @types/react-dom@18.3.7 OK for: inside-english-v2@2.0.0 want: ^18.2.19
123 silly placeDep ROOT autoprefixer@10.5.4 OK for: inside-english-v2@2.0.0 want: ^10.4.18
124 silly placeDep ROOT postcss@8.5.22 OK for: autoprefixer@10.5.4 want: ^8.1.0
125 silly placeDep ROOT clsx@2.1.1 OK for: inside-english-v2@2.0.0 want: ^2.1.0
126 silly placeDep ROOT lucide-react@0.344.0 OK for: inside-english-v2@2.0.0 want: ^0.344.0
127 silly placeDep ROOT react@18.3.1 OK for: lucide-react@0.344.0 want: ^16.5.1 || ^17.0.0 || ^18.0.0
128 silly placeDep ROOT next@14.2.35 OK for: inside-english-v2@2.0.0 want: ^14.1.0
129 silly placeDep ROOT react-dom@18.3.1 OK for: next@14.2.35 want: ^18.2.0
130 silly placeDep ROOT tailwind-merge@2.6.1 OK for: inside-english-v2@2.0.0 want: ^2.2.1
131 silly placeDep ROOT tailwindcss@3.4.19 OK for: inside-english-v2@2.0.0 want: ^3.4.1
132 silly placeDep ROOT typescript@5.9.3 OK for: inside-english-v2@2.0.0 want: ^5.3.3
133 silly placeDep ROOT zustand@4.5.7 OK for: inside-english-v2@2.0.0 want: ^4.5.1
134 silly fetch manifest tar@^6.1.11
135 silly packumentCache full:https://registry.npmjs.org/tar cache-miss
136 http fetch GET 200 https://registry.npmjs.org/tar 5ms (cache hit)
137 silly packumentCache full:https://registry.npmjs.org/tar set size:584976 disposed:false
138 silly fetch manifest open@^8.4.0
139 silly packumentCache full:https://registry.npmjs.org/open cache-miss
140 http fetch GET 200 https://registry.npmjs.org/open 3ms (cache hit)
141 silly packumentCache full:https://registry.npmjs.org/open set size:136392 disposed:false
142 silly fetch manifest debug@^4.3.4
143 silly packumentCache full:https://registry.npmjs.org/debug cache-miss
144 http fetch GET 200 https://registry.npmjs.org/debug 4ms (cache hit)
145 silly packumentCache full:https://registry.npmjs.org/debug set size:195840 disposed:false
146 silly fetch manifest kleur@^4.1.4
147 silly packumentCache full:https://registry.npmjs.org/kleur cache-miss
148 http fetch GET 200 https://registry.npmjs.org/kleur 2ms (cache hit)
149 silly packumentCache full:https://registry.npmjs.org/kleur set size:61853 disposed:false
150 silly fetch manifest plist@^3.0.5
151 silly packumentCache full:https://registry.npmjs.org/plist cache-miss
152 http fetch GET 200 https://registry.npmjs.org/plist 2ms (cache hit)
153 silly packumentCache full:https://registry.npmjs.org/plist set size:60755 disposed:false
154 silly fetch manifest tslib@^2.4.0
155 silly packumentCache full:https://registry.npmjs.org/tslib cache-miss
156 http fetch GET 200 https://registry.npmjs.org/tslib 2ms (cache hit)
157 silly packumentCache full:https://registry.npmjs.org/tslib set size:108843 disposed:false
158 silly fetch manifest rimraf@^4.4.1
159 silly packumentCache full:https://registry.npmjs.org/rimraf cache-miss
160 http fetch GET 200 https://registry.npmjs.org/rimraf 5ms (cache hit)
161 silly packumentCache full:https://registry.npmjs.org/rimraf set size:212626 disposed:false
162 silly fetch manifest semver@^7.3.7
163 silly packumentCache full:https://registry.npmjs.org/semver cache-miss
164 http fetch GET 200 https://registry.npmjs.org/semver 3ms (cache hit)
165 silly packumentCache full:https://registry.npmjs.org/semver set size:246069 disposed:false
166 silly fetch manifest xml2js@^0.5.0
167 silly packumentCache full:https://registry.npmjs.org/xml2js cache-miss
168 http fetch GET 200 https://registry.npmjs.org/xml2js 2ms (cache hit)
169 silly packumentCache full:https://registry.npmjs.org/xml2js set size:198018 disposed:false
170 silly fetch manifest prompts@^2.4.2
171 silly packumentCache full:https://registry.npmjs.org/prompts cache-miss
172 http fetch GET 200 https://registry.npmjs.org/prompts 5ms (cache hit)
173 silly packumentCache full:https://registry.npmjs.org/prompts set size:115896 disposed:false
174 silly fetch manifest commander@^9.3.0
175 silly packumentCache full:https://registry.npmjs.org/commander cache-miss
176 http fetch GET 200 https://registry.npmjs.org/commander 3ms (cache hit)
177 silly packumentCache full:https://registry.npmjs.org/commander set size:353115 disposed:false
178 silly fetch manifest env-paths@^2.2.0
179 silly packumentCache full:https://registry.npmjs.org/env-paths cache-miss
180 http fetch GET 200 https://registry.npmjs.org/env-paths 2ms (cache hit)
181 silly packumentCache full:https://registry.npmjs.org/env-paths set size:26913 disposed:false
182 silly fetch manifest native-run@^2.0.0
183 silly packumentCache full:https://registry.npmjs.org/native-run cache-miss
184 http fetch GET 200 https://registry.npmjs.org/native-run 3ms (cache hit)
185 silly packumentCache full:https://registry.npmjs.org/native-run set size:221047 disposed:false
186 silly fetch manifest @ionic/utils-fs@^3.1.6
187 silly packumentCache full:https://registry.npmjs.org/@ionic%2futils-fs cache-miss
188 http fetch GET 200 https://registry.npmjs.org/@ionic%2futils-fs 5ms (cache hit)
189 silly packumentCache full:https://registry.npmjs.org/@ionic%2futils-fs set size:155283 disposed:false
190 silly fetch manifest @ionic/utils-terminal@^2.3.3
191 silly packumentCache full:https://registry.npmjs.org/@ionic%2futils-terminal cache-miss
192 http fetch GET 200 https://registry.npmjs.org/@ionic%2futils-terminal 3ms (cache hit)
193 silly packumentCache full:https://registry.npmjs.org/@ionic%2futils-terminal set size:118057 disposed:false
194 silly fetch manifest @ionic/utils-subprocess@^2.1.11
195 silly packumentCache full:https://registry.npmjs.org/@ionic%2futils-subprocess cache-miss
196 http fetch GET 200 https://registry.npmjs.org/@ionic%2futils-subprocess 2ms (cache hit)
197 silly packumentCache full:https://registry.npmjs.org/@ionic%2futils-subprocess set size:166292 disposed:false
198 silly fetch manifest @ionic/cli-framework-output@^2.2.5
199 silly packumentCache full:https://registry.npmjs.org/@ionic%2fcli-framework-output cache-miss
200 http fetch GET 200 https://registry.npmjs.org/@ionic%2fcli-framework-output 2ms (cache hit)
201 silly packumentCache full:https://registry.npmjs.org/@ionic%2fcli-framework-output set size:65039 disposed:false
202 silly fetch manifest tslib@^2.1.0
203 silly packumentCache full:https://registry.npmjs.org/tslib cache-hit
204 silly fetch manifest @revenuecat/purchases-typescript-internal-esm@6.3.2
205 silly packumentCache full:https://registry.npmjs.org/@revenuecat%2fpurchases-typescript-internal-esm cache-miss
206 http fetch GET 200 https://registry.npmjs.org/@revenuecat%2fpurchases-typescript-internal-esm 215ms (cache miss)
207 silly packumentCache full:https://registry.npmjs.org/@revenuecat%2fpurchases-typescript-internal-esm set size:undefined disposed:false
208 silly fetch manifest ramda@^0.29.0
209 silly packumentCache full:https://registry.npmjs.org/ramda cache-miss
210 http fetch GET 200 https://registry.npmjs.org/ramda 4ms (cache hit)
211 silly packumentCache full:https://registry.npmjs.org/ramda set size:202208 disposed:false
212 silly fetch manifest cookie@^0.5.0
213 silly packumentCache full:https://registry.npmjs.org/cookie cache-miss
214 http fetch GET 200 https://registry.npmjs.org/cookie 6ms (cache hit)
215 silly packumentCache full:https://registry.npmjs.org/cookie set size:78274 disposed:false
216 silly fetch manifest @supabase/auth-js@2.109.0
217 silly packumentCache full:https://registry.npmjs.org/@supabase%2fauth-js cache-miss
218 http fetch GET 200 https://registry.npmjs.org/@supabase%2fauth-js 7ms (cache hit)
219 silly packumentCache full:https://registry.npmjs.org/@supabase%2fauth-js set size:1546054 disposed:false
220 silly fetch manifest @supabase/storage-js@2.109.0
221 silly packumentCache full:https://registry.npmjs.org/@supabase%2fstorage-js cache-miss
222 http fetch GET 200 https://registry.npmjs.org/@supabase%2fstorage-js 5ms (cache hit)
223 silly packumentCache full:https://registry.npmjs.org/@supabase%2fstorage-js set size:1536028 disposed:false
224 silly fetch manifest @supabase/realtime-js@2.109.0
225 silly packumentCache full:https://registry.npmjs.org/@supabase%2frealtime-js cache-miss
226 http fetch GET 200 https://registry.npmjs.org/@supabase%2frealtime-js 34ms (cache hit)
227 silly packumentCache full:https://registry.npmjs.org/@supabase%2frealtime-js set size:1786556 disposed:false
228 silly fetch manifest @supabase/functions-js@2.109.0
229 silly packumentCache full:https://registry.npmjs.org/@supabase%2ffunctions-js cache-miss
230 http fetch GET 200 https://registry.npmjs.org/@supabase%2ffunctions-js 6ms (cache hit)
231 silly packumentCache full:https://registry.npmjs.org/@supabase%2ffunctions-js set size:1264992 disposed:false
232 silly fetch manifest @supabase/postgrest-js@2.109.0
233 silly packumentCache full:https://registry.npmjs.org/@supabase%2fpostgrest-js cache-miss
234 http fetch GET 200 https://registry.npmjs.org/@supabase%2fpostgrest-js 6ms (cache hit)
235 silly packumentCache full:https://registry.npmjs.org/@supabase%2fpostgrest-js set size:1979869 disposed:false
236 silly fetch manifest undici-types@~6.21.0
237 silly packumentCache full:https://registry.npmjs.org/undici-types cache-miss
238 http fetch GET 200 https://registry.npmjs.org/undici-types 6ms (cache hit)
239 silly packumentCache full:https://registry.npmjs.org/undici-types set size:247750 disposed:false
240 silly fetch manifest csstype@^3.2.2
241 silly packumentCache full:https://registry.npmjs.org/csstype cache-miss
242 http fetch GET 200 https://registry.npmjs.org/csstype 3ms (cache hit)
243 silly packumentCache full:https://registry.npmjs.org/csstype set size:274189 disposed:false
244 silly fetch manifest @types/prop-types@*
245 silly packumentCache full:https://registry.npmjs.org/@types%2fprop-types cache-miss
246 http fetch GET 200 https://registry.npmjs.org/@types%2fprop-types 5ms (cache hit)
247 silly packumentCache full:https://registry.npmjs.org/@types%2fprop-types set size:53942 disposed:false
248 silly fetch manifest picocolors@^1.1.1
249 silly packumentCache full:https://registry.npmjs.org/picocolors cache-miss
250 http fetch GET 200 https://registry.npmjs.org/picocolors 3ms (cache hit)
251 silly packumentCache full:https://registry.npmjs.org/picocolors set size:16648 disposed:false
252 silly fetch manifest fraction.js@^5.3.4
253 silly packumentCache full:https://registry.npmjs.org/fraction.js cache-miss
254 http fetch GET 200 https://registry.npmjs.org/fraction.js 2ms (cache hit)
255 silly packumentCache full:https://registry.npmjs.org/fraction.js set size:149386 disposed:false
256 silly fetch manifest browserslist@^4.28.6
257 silly packumentCache full:https://registry.npmjs.org/browserslist cache-miss
258 http fetch GET 200 https://registry.npmjs.org/browserslist 3ms (cache hit)
259 silly packumentCache full:https://registry.npmjs.org/browserslist set size:516369 disposed:false
260 silly fetch manifest caniuse-lite@^1.0.30001806
261 silly packumentCache full:https://registry.npmjs.org/caniuse-lite cache-miss
262 http fetch GET 200 https://registry.npmjs.org/caniuse-lite 44ms (cache hit)
263 silly packumentCache full:https://registry.npmjs.org/caniuse-lite set size:2306880 disposed:false
264 silly fetch manifest postcss-value-parser@^4.2.0
265 silly packumentCache full:https://registry.npmjs.org/postcss-value-parser cache-miss
266 http fetch GET 200 https://registry.npmjs.org/postcss-value-parser 3ms (cache hit)
267 silly packumentCache full:https://registry.npmjs.org/postcss-value-parser set size:73526 disposed:false
268 silly fetch manifest nanoid@^3.3.16
269 silly packumentCache full:https://registry.npmjs.org/nanoid cache-miss
270 http fetch GET 200 https://registry.npmjs.org/nanoid 4ms (cache hit)
271 silly packumentCache full:https://registry.npmjs.org/nanoid set size:335912 disposed:false
272 silly fetch manifest source-map-js@^1.2.1
273 silly packumentCache full:https://registry.npmjs.org/source-map-js cache-miss
274 http fetch GET 200 https://registry.npmjs.org/source-map-js 6ms (cache hit)
275 silly packumentCache full:https://registry.npmjs.org/source-map-js set size:62640 disposed:false
276 silly fetch manifest loose-envify@^1.1.0
277 silly packumentCache full:https://registry.npmjs.org/loose-envify cache-miss
278 http fetch GET 200 https://registry.npmjs.org/loose-envify 5ms (cache hit)
279 silly packumentCache full:https://registry.npmjs.org/loose-envify set size:12559 disposed:false
280 silly fetch manifest busboy@1.6.0
281 silly packumentCache full:https://registry.npmjs.org/busboy cache-miss
282 http fetch GET 200 https://registry.npmjs.org/busboy 3ms (cache hit)
283 silly packumentCache full:https://registry.npmjs.org/busboy set size:78901 disposed:false
284 silly fetch manifest postcss@8.4.31
285 silly packumentCache full:https://registry.npmjs.org/postcss cache-hit
286 silly fetch manifest @next/env@14.2.35
287 silly packumentCache full:https://registry.npmjs.org/@next%2fenv cache-miss
288 http fetch GET 200 https://registry.npmjs.org/@next%2fenv 18ms (cache hit)
289 silly packumentCache full:https://registry.npmjs.org/@next%2fenv set size:7466166 disposed:false
290 silly fetch manifest styled-jsx@5.1.1
291 silly packumentCache full:https://registry.npmjs.org/styled-jsx cache-miss
292 http fetch GET 200 https://registry.npmjs.org/styled-jsx 4ms (cache hit)
293 silly packumentCache full:https://registry.npmjs.org/styled-jsx set size:436113 disposed:false
294 silly fetch manifest graceful-fs@^4.2.11
295 silly packumentCache full:https://registry.npmjs.org/graceful-fs cache-miss
296 http fetch GET 200 https://registry.npmjs.org/graceful-fs 3ms (cache hit)
297 silly packumentCache full:https://registry.npmjs.org/graceful-fs set size:124285 disposed:false
298 silly fetch manifest @swc/helpers@0.5.5
299 silly packumentCache full:https://registry.npmjs.org/@swc%2fhelpers cache-miss
300 http fetch GET 200 https://registry.npmjs.org/@swc%2fhelpers 3ms (cache hit)
301 silly packumentCache full:https://registry.npmjs.org/@swc%2fhelpers set size:775458 disposed:false
302 silly fetch manifest caniuse-lite@^1.0.30001579
303 silly packumentCache full:https://registry.npmjs.org/caniuse-lite cache-miss
304 http fetch GET 200 https://registry.npmjs.org/caniuse-lite 6ms (cache hit)
305 silly packumentCache full:https://registry.npmjs.org/caniuse-lite set size:2306880 disposed:false
306 silly fetch manifest @next/swc-darwin-x64@14.2.33
307 silly packumentCache full:https://registry.npmjs.org/@next%2fswc-darwin-x64 cache-miss
308 http fetch GET 200 https://registry.npmjs.org/@next%2fswc-darwin-x64 16ms (cache hit)
309 silly packumentCache full:https://registry.npmjs.org/@next%2fswc-darwin-x64 set size:5379597 disposed:false
310 silly fetch manifest @next/swc-darwin-arm64@14.2.33
311 silly packumentCache full:https://registry.npmjs.org/@next%2fswc-darwin-arm64 cache-miss
312 http fetch GET 200 https://registry.npmjs.org/@next%2fswc-darwin-arm64 15ms (cache hit)
313 silly packumentCache full:https://registry.npmjs.org/@next%2fswc-darwin-arm64 set size:5438290 disposed:false
314 silly fetch manifest @next/swc-linux-x64-gnu@14.2.33
315 silly packumentCache full:https://registry.npmjs.org/@next%2fswc-linux-x64-gnu cache-miss
316 http fetch GET 200 https://registry.npmjs.org/@next%2fswc-linux-x64-gnu 23ms (cache hit)
317 silly packumentCache full:https://registry.npmjs.org/@next%2fswc-linux-x64-gnu set size:5489892 disposed:false
318 silly fetch manifest @next/swc-linux-x64-musl@14.2.33
319 silly packumentCache full:https://registry.npmjs.org/@next%2fswc-linux-x64-musl cache-miss
320 http fetch GET 200 https://registry.npmjs.org/@next%2fswc-linux-x64-musl 14ms (cache hit)
321 silly packumentCache full:https://registry.npmjs.org/@next%2fswc-linux-x64-musl set size:5245623 disposed:false
322 silly fetch manifest @next/swc-win32-x64-msvc@14.2.33
323 silly packumentCache full:https://registry.npmjs.org/@next%2fswc-win32-x64-msvc cache-miss
324 http fetch GET 200 https://registry.npmjs.org/@next%2fswc-win32-x64-msvc 35ms (cache hit)
325 silly packumentCache full:https://registry.npmjs.org/@next%2fswc-win32-x64-msvc set size:5461065 disposed:false
326 silly fetch manifest @next/swc-linux-arm64-gnu@14.2.33
327 silly packumentCache full:https://registry.npmjs.org/@next%2fswc-linux-arm64-gnu cache-miss
328 http fetch GET 200 https://registry.npmjs.org/@next%2fswc-linux-arm64-gnu 12ms (cache hit)
329 silly packumentCache full:https://registry.npmjs.org/@next%2fswc-linux-arm64-gnu set size:5293921 disposed:false
330 silly fetch manifest @next/swc-win32-ia32-msvc@14.2.33
331 silly packumentCache full:https://registry.npmjs.org/@next%2fswc-win32-ia32-msvc cache-miss
332 http fetch GET 200 https://registry.npmjs.org/@next%2fswc-win32-ia32-msvc 17ms (cache hit)
333 silly packumentCache full:https://registry.npmjs.org/@next%2fswc-win32-ia32-msvc set size:3201450 disposed:false
334 silly fetch manifest @next/swc-linux-arm64-musl@14.2.33
335 silly packumentCache full:https://registry.npmjs.org/@next%2fswc-linux-arm64-musl cache-miss
336 http fetch GET 200 https://registry.npmjs.org/@next%2fswc-linux-arm64-musl 24ms (cache hit)
337 silly packumentCache full:https://registry.npmjs.org/@next%2fswc-linux-arm64-musl set size:5312750 disposed:false
338 silly fetch manifest @next/swc-win32-arm64-msvc@14.2.33
339 silly packumentCache full:https://registry.npmjs.org/@next%2fswc-win32-arm64-msvc cache-miss
340 http fetch GET 200 https://registry.npmjs.org/@next%2fswc-win32-arm64-msvc 13ms (cache hit)
341 silly packumentCache full:https://registry.npmjs.org/@next%2fswc-win32-arm64-msvc set size:5275472 disposed:false
342 silly fetch manifest scheduler@^0.23.2
343 silly packumentCache full:https://registry.npmjs.org/scheduler cache-miss
344 http fetch GET 200 https://registry.npmjs.org/scheduler 30ms (cache hit)
345 silly packumentCache full:https://registry.npmjs.org/scheduler set size:5639756 disposed:false
346 silly fetch manifest arg@^5.0.2
347 silly packumentCache full:https://registry.npmjs.org/arg cache-miss
348 http fetch GET 200 https://registry.npmjs.org/arg 3ms (cache hit)
349 silly packumentCache full:https://registry.npmjs.org/arg set size:67036 disposed:false
350 silly fetch manifest dlv@^1.1.3
351 silly packumentCache full:https://registry.npmjs.org/dlv cache-miss
352 http fetch GET 200 https://registry.npmjs.org/dlv 3ms (cache hit)
353 silly packumentCache full:https://registry.npmjs.org/dlv set size:16709 disposed:false
354 silly fetch manifest jiti@^1.21.7
355 silly packumentCache full:https://registry.npmjs.org/jiti cache-miss
356 http fetch GET 200 https://registry.npmjs.org/jiti 4ms (cache hit)
357 silly packumentCache full:https://registry.npmjs.org/jiti set size:387989 disposed:false
358 silly fetch manifest is-glob@^4.0.3
359 silly packumentCache full:https://registry.npmjs.org/is-glob cache-miss
360 http fetch GET 200 https://registry.npmjs.org/is-glob 3ms (cache hit)
361 silly packumentCache full:https://registry.npmjs.org/is-glob set size:40530 disposed:false
362 silly fetch manifest resolve@^1.22.8
363 silly packumentCache full:https://registry.npmjs.org/resolve cache-miss
364 http fetch GET 200 https://registry.npmjs.org/resolve 3ms (cache hit)
365 silly packumentCache full:https://registry.npmjs.org/resolve set size:244568 disposed:false
366 silly fetch manifest sucrase@^3.35.0
367 silly packumentCache full:https://registry.npmjs.org/sucrase cache-miss
368 http fetch GET 200 https://registry.npmjs.org/sucrase 3ms (cache hit)
369 silly packumentCache full:https://registry.npmjs.org/sucrase set size:449399 disposed:false
370 silly fetch manifest chokidar@^3.6.0
371 silly packumentCache full:https://registry.npmjs.org/chokidar cache-miss
372 http fetch GET 200 https://registry.npmjs.org/chokidar 5ms (cache hit)
373 silly packumentCache full:https://registry.npmjs.org/chokidar set size:255902 disposed:false
374 silly fetch manifest fast-glob@^3.3.2
375 silly packumentCache full:https://registry.npmjs.org/fast-glob cache-miss
376 http fetch GET 200 https://registry.npmjs.org/fast-glob 3ms (cache hit)
377 silly packumentCache full:https://registry.npmjs.org/fast-glob set size:220556 disposed:false
378 silly fetch manifest lilconfig@^3.1.3
379 silly packumentCache full:https://registry.npmjs.org/lilconfig cache-miss
380 http fetch GET 200 https://registry.npmjs.org/lilconfig 22ms (cache hit)
381 silly packumentCache full:https://registry.npmjs.org/lilconfig set size:45636 disposed:false
382 silly fetch manifest didyoumean@^1.2.2
383 silly packumentCache full:https://registry.npmjs.org/didyoumean cache-miss
384 http fetch GET 200 https://registry.npmjs.org/didyoumean 15ms (cache hit)
385 silly packumentCache full:https://registry.npmjs.org/didyoumean set size:11446 disposed:false
386 silly fetch manifest micromatch@^4.0.8
387 silly packumentCache full:https://registry.npmjs.org/micromatch cache-miss
388 http fetch GET 200 https://registry.npmjs.org/micromatch 2ms (cache hit)
389 silly packumentCache full:https://registry.npmjs.org/micromatch set size:240630 disposed:false
390 silly fetch manifest postcss-js@^4.0.1
391 silly packumentCache full:https://registry.npmjs.org/postcss-js cache-miss
392 http fetch GET 200 https://registry.npmjs.org/postcss-js 2ms (cache hit)
393 silly packumentCache full:https://registry.npmjs.org/postcss-js set size:51308 disposed:false
394 silly fetch manifest glob-parent@^6.0.2
395 silly packumentCache full:https://registry.npmjs.org/glob-parent cache-miss
396 http fetch GET 200 https://registry.npmjs.org/glob-parent 1ms (cache hit)
397 silly packumentCache full:https://registry.npmjs.org/glob-parent set size:42445 disposed:false
398 silly fetch manifest object-hash@^3.0.0
399 silly packumentCache full:https://registry.npmjs.org/object-hash cache-miss
400 http fetch GET 200 https://registry.npmjs.org/object-hash 1ms (cache hit)
401 silly packumentCache full:https://registry.npmjs.org/object-hash set size:100564 disposed:false
402 silly fetch manifest normalize-path@^3.0.0
403 silly packumentCache full:https://registry.npmjs.org/normalize-path cache-miss
404 http fetch GET 200 https://registry.npmjs.org/normalize-path 1ms (cache hit)
405 silly packumentCache full:https://registry.npmjs.org/normalize-path set size:28713 disposed:false
406 silly fetch manifest postcss-import@^15.1.0
407 silly packumentCache full:https://registry.npmjs.org/postcss-import cache-miss
408 http fetch GET 200 https://registry.npmjs.org/postcss-import 1ms (cache hit)
409 silly packumentCache full:https://registry.npmjs.org/postcss-import set size:120971 disposed:false
410 silly fetch manifest postcss-nested@^6.2.0
411 silly packumentCache full:https://registry.npmjs.org/postcss-nested cache-miss
412 http fetch GET 200 https://registry.npmjs.org/postcss-nested 5ms (cache hit)
413 silly packumentCache full:https://registry.npmjs.org/postcss-nested set size:79120 disposed:false
414 silly fetch manifest @alloc/quick-lru@^5.2.0
415 silly packumentCache full:https://registry.npmjs.org/@alloc%2fquick-lru cache-miss
416 http fetch GET 200 https://registry.npmjs.org/@alloc%2fquick-lru 3ms (cache hit)
417 silly packumentCache full:https://registry.npmjs.org/@alloc%2fquick-lru set size:7269 disposed:false
418 silly fetch manifest postcss-load-config@^4.0.2 || ^5.0 || ^6.0
419 silly packumentCache full:https://registry.npmjs.org/postcss-load-config cache-miss
420 http fetch GET 200 https://registry.npmjs.org/postcss-load-config 2ms (cache hit)
421 silly packumentCache full:https://registry.npmjs.org/postcss-load-config set size:86425 disposed:false
422 silly fetch manifest postcss-selector-parser@^6.1.2
423 silly packumentCache full:https://registry.npmjs.org/postcss-selector-parser cache-miss
424 http fetch GET 200 https://registry.npmjs.org/postcss-selector-parser 5ms (cache hit)
425 silly packumentCache full:https://registry.npmjs.org/postcss-selector-parser set size:193966 disposed:false
426 silly fetch manifest use-sync-external-store@^1.2.2
427 silly packumentCache full:https://registry.npmjs.org/use-sync-external-store cache-miss
428 http fetch GET 200 https://registry.npmjs.org/use-sync-external-store 12ms (cache hit)
429 silly packumentCache full:https://registry.npmjs.org/use-sync-external-store set size:4861581 disposed:false
430 silly placeDep ROOT @ionic/cli-framework-output@2.2.8 OK for: @capacitor/cli@5.7.8 want: ^2.2.5
431 silly placeDep ROOT @ionic/utils-fs@3.1.7 OK for: @capacitor/cli@5.7.8 want: ^3.1.6
432 silly placeDep ROOT @ionic/utils-subprocess@2.1.14 OK for: @capacitor/cli@5.7.8 want: ^2.1.11
433 silly placeDep ROOT @ionic/utils-terminal@2.3.5 OK for: @capacitor/cli@5.7.8 want: ^2.3.3
434 silly placeDep ROOT commander@9.5.0 OK for: @capacitor/cli@5.7.8 want: ^9.3.0
435 silly placeDep ROOT debug@4.4.3 OK for: @capacitor/cli@5.7.8 want: ^4.3.4
436 silly placeDep ROOT env-paths@2.2.1 OK for: @capacitor/cli@5.7.8 want: ^2.2.0
437 silly placeDep ROOT kleur@4.1.5 OK for: @capacitor/cli@5.7.8 want: ^4.1.4
438 silly placeDep ROOT native-run@2.0.3 OK for: @capacitor/cli@5.7.8 want: ^2.0.0
439 silly placeDep ROOT open@8.4.2 OK for: @capacitor/cli@5.7.8 want: ^8.4.0
440 silly placeDep ROOT plist@3.1.1 OK for: @capacitor/cli@5.7.8 want: ^3.0.5
441 silly placeDep ROOT prompts@2.4.2 OK for: @capacitor/cli@5.7.8 want: ^2.4.2
442 silly placeDep ROOT rimraf@4.4.1 OK for: @capacitor/cli@5.7.8 want: ^4.4.1
443 silly placeDep ROOT semver@7.8.5 OK for: @capacitor/cli@5.7.8 want: ^7.3.7
444 silly placeDep ROOT tar@6.2.1 OK for: @capacitor/cli@5.7.8 want: ^6.1.11
445 silly placeDep ROOT tslib@2.8.1 OK for: @capacitor/cli@5.7.8 want: ^2.4.0
446 silly placeDep ROOT xml2js@0.5.0 OK for: @capacitor/cli@5.7.8 want: ^0.5.0
447 silly fetch manifest @ionic/utils-terminal@2.3.5
448 silly packumentCache full:https://registry.npmjs.org/@ionic%2futils-terminal cache-hit
449 silly fetch manifest debug@^4.0.0
450 silly packumentCache full:https://registry.npmjs.org/debug cache-hit
451 silly fetch manifest tslib@^2.0.1
452 silly packumentCache full:https://registry.npmjs.org/tslib cache-hit
453 silly fetch manifest @types/fs-extra@^8.0.0
454 silly packumentCache full:https://registry.npmjs.org/@types%2ffs-extra cache-miss
455 http fetch GET 200 https://registry.npmjs.org/@types%2ffs-extra 3ms (cache hit)
456 silly packumentCache full:https://registry.npmjs.org/@types%2ffs-extra set size:159323 disposed:false
457 silly fetch manifest fs-extra@^9.0.0
458 silly packumentCache full:https://registry.npmjs.org/fs-extra cache-miss
459 http fetch GET 200 https://registry.npmjs.org/fs-extra 3ms (cache hit)
460 silly packumentCache full:https://registry.npmjs.org/fs-extra set size:239581 disposed:false
461 silly fetch manifest @ionic/utils-array@2.1.6
462 silly packumentCache full:https://registry.npmjs.org/@ionic%2futils-array cache-miss
463 http fetch GET 200 https://registry.npmjs.org/@ionic%2futils-array 2ms (cache hit)
464 silly packumentCache full:https://registry.npmjs.org/@ionic%2futils-array set size:86082 disposed:false
465 silly fetch manifest @ionic/utils-process@2.1.11
466 silly packumentCache full:https://registry.npmjs.org/@ionic%2futils-process cache-miss
467 http fetch GET 200 https://registry.npmjs.org/@ionic%2futils-process 4ms (cache hit)
468 silly packumentCache full:https://registry.npmjs.org/@ionic%2futils-process set size:128236 disposed:false
469 silly fetch manifest @ionic/utils-stream@3.1.6
470 silly packumentCache full:https://registry.npmjs.org/@ionic%2futils-stream cache-miss
471 http fetch GET 200 https://registry.npmjs.org/@ionic%2futils-stream 2ms (cache hit)
472 silly packumentCache full:https://registry.npmjs.org/@ionic%2futils-stream set size:89195 disposed:false
473 silly fetch manifest @ionic/utils-terminal@2.3.4
474 silly packumentCache full:https://registry.npmjs.org/@ionic%2futils-terminal cache-hit
475 silly fetch manifest cross-spawn@^7.0.3
476 silly packumentCache full:https://registry.npmjs.org/cross-spawn cache-miss
477 http fetch GET 200 https://registry.npmjs.org/cross-spawn 3ms (cache hit)
478 silly packumentCache full:https://registry.npmjs.org/cross-spawn set size:109066 disposed:false
479 silly fetch manifest @types/slice-ansi@^4.0.0
480 silly packumentCache full:https://registry.npmjs.org/@types%2fslice-ansi cache-miss
481 http fetch GET 200 https://registry.npmjs.org/@types%2fslice-ansi 2ms (cache hit)
482 silly packumentCache full:https://registry.npmjs.org/@types%2fslice-ansi set size:12386 disposed:false
483 silly fetch manifest signal-exit@^3.0.3
484 silly packumentCache full:https://registry.npmjs.org/signal-exit cache-miss
485 http fetch GET 200 https://registry.npmjs.org/signal-exit 17ms (cache hit)
486 silly packumentCache full:https://registry.npmjs.org/signal-exit set size:53489 disposed:false
487 silly fetch manifest slice-ansi@^4.0.0
488 silly packumentCache full:https://registry.npmjs.org/slice-ansi cache-miss
489 http fetch GET 200 https://registry.npmjs.org/slice-ansi 5ms (cache hit)
490 silly packumentCache full:https://registry.npmjs.org/slice-ansi set size:36418 disposed:false
491 silly fetch manifest string-width@^4.1.0
492 silly packumentCache full:https://registry.npmjs.org/string-width cache-miss
493 http fetch GET 200 https://registry.npmjs.org/string-width 5ms (cache hit)
494 silly packumentCache full:https://registry.npmjs.org/string-width set size:72458 disposed:false
495 silly fetch manifest strip-ansi@^6.0.0
496 silly packumentCache full:https://registry.npmjs.org/strip-ansi cache-miss
497 http fetch GET 200 https://registry.npmjs.org/strip-ansi 14ms (cache hit)
498 silly packumentCache full:https://registry.npmjs.org/strip-ansi set size:44998 disposed:false
499 silly fetch manifest untildify@^4.0.0
500 silly packumentCache full:https://registry.npmjs.org/untildify cache-miss
501 http fetch GET 200 https://registry.npmjs.org/untildify 2ms (cache hit)
502 silly packumentCache full:https://registry.npmjs.org/untildify set size:22319 disposed:false
503 silly fetch manifest wrap-ansi@^7.0.0
504 silly packumentCache full:https://registry.npmjs.org/wrap-ansi cache-miss
505 http fetch GET 200 https://registry.npmjs.org/wrap-ansi 2ms (cache hit)
506 silly packumentCache full:https://registry.npmjs.org/wrap-ansi set size:55299 disposed:false
507 silly fetch manifest ms@^2.1.3
508 silly packumentCache full:https://registry.npmjs.org/ms cache-miss
509 http fetch GET 200 https://registry.npmjs.org/ms 3ms (cache hit)
510 silly packumentCache full:https://registry.npmjs.org/ms set size:92208 disposed:false
511 silly fetch manifest bplist-parser@^0.3.2
512 silly packumentCache full:https://registry.npmjs.org/bplist-parser cache-miss
513 http fetch GET 200 https://registry.npmjs.org/bplist-parser 2ms (cache hit)
514 silly packumentCache full:https://registry.npmjs.org/bplist-parser set size:21877 disposed:false
515 silly fetch manifest elementtree@^0.1.7
516 silly packumentCache full:https://registry.npmjs.org/elementtree cache-miss
517 http fetch GET 200 https://registry.npmjs.org/elementtree 2ms (cache hit)
518 silly packumentCache full:https://registry.npmjs.org/elementtree set size:18608 disposed:false
519 silly fetch manifest ini@^4.1.1
520 silly packumentCache full:https://registry.npmjs.org/ini cache-miss
521 http fetch GET 200 https://registry.npmjs.org/ini 2ms (cache hit)
522 silly packumentCache full:https://registry.npmjs.org/ini set size:59124 disposed:false
523 silly fetch manifest plist@^3.1.0
524 silly packumentCache full:https://registry.npmjs.org/plist cache-hit
525 silly fetch manifest split2@^4.2.0
526 silly packumentCache full:https://registry.npmjs.org/split2 cache-miss
527 http fetch GET 200 https://registry.npmjs.org/split2 4ms (cache hit)
528 silly packumentCache full:https://registry.npmjs.org/split2 set size:47438 disposed:false
529 silly fetch manifest through2@^4.0.2
530 silly packumentCache full:https://registry.npmjs.org/through2 cache-miss
531 http fetch GET 200 https://registry.npmjs.org/through2 3ms (cache hit)
532 silly packumentCache full:https://registry.npmjs.org/through2 set size:111474 disposed:false
533 silly fetch manifest tslib@^2.6.2
534 silly packumentCache full:https://registry.npmjs.org/tslib cache-hit
535 silly fetch manifest yauzl@^2.10.0
536 silly packumentCache full:https://registry.npmjs.org/yauzl cache-miss
537 http fetch GET 200 https://registry.npmjs.org/yauzl 3ms (cache hit)
538 silly packumentCache full:https://registry.npmjs.org/yauzl set size:114252 disposed:false
539 silly fetch manifest is-wsl@^2.2.0
540 silly packumentCache full:https://registry.npmjs.org/is-wsl cache-miss
541 http fetch GET 200 https://registry.npmjs.org/is-wsl 6ms (cache hit)
542 silly packumentCache full:https://registry.npmjs.org/is-wsl set size:20683 disposed:false
543 silly fetch manifest is-docker@^2.1.1
544 silly packumentCache full:https://registry.npmjs.org/is-docker cache-miss
545 http fetch GET 200 https://registry.npmjs.org/is-docker 2ms (cache hit)
546 silly packumentCache full:https://registry.npmjs.org/is-docker set size:23690 disposed:false
547 silly fetch manifest define-lazy-prop@^2.0.0
548 silly packumentCache full:https://registry.npmjs.org/define-lazy-prop cache-miss
549 http fetch GET 200 https://registry.npmjs.org/define-lazy-prop 2ms (cache hit)
550 silly packumentCache full:https://registry.npmjs.org/define-lazy-prop set size:9337 disposed:false
551 silly fetch manifest base64-js@^1.5.1
552 silly packumentCache full:https://registry.npmjs.org/base64-js cache-miss
553 http fetch GET 200 https://registry.npmjs.org/base64-js 5ms (cache hit)
554 silly packumentCache full:https://registry.npmjs.org/base64-js set size:41270 disposed:false
555 silly fetch manifest xmlbuilder@^15.1.1
556 silly packumentCache full:https://registry.npmjs.org/xmlbuilder cache-miss
557 http fetch GET 200 https://registry.npmjs.org/xmlbuilder 2ms (cache hit)
558 silly packumentCache full:https://registry.npmjs.org/xmlbuilder set size:158707 disposed:false
559 silly fetch manifest @xmldom/xmldom@^0.9.10
560 silly packumentCache full:https://registry.npmjs.org/@xmldom%2fxmldom cache-miss
561 http fetch GET 200 https://registry.npmjs.org/@xmldom%2fxmldom 2ms (cache hit)
562 silly packumentCache full:https://registry.npmjs.org/@xmldom%2fxmldom set size:166253 disposed:false
563 silly fetch manifest kleur@^3.0.3
564 silly packumentCache full:https://registry.npmjs.org/kleur cache-hit
565 silly fetch manifest sisteransi@^1.0.5
566 silly packumentCache full:https://registry.npmjs.org/sisteransi cache-miss
567 http fetch GET 200 https://registry.npmjs.org/sisteransi 8ms (cache hit)
568 silly packumentCache full:https://registry.npmjs.org/sisteransi set size:25723 disposed:false
569 silly fetch manifest glob@^9.2.0
570 silly packumentCache full:https://registry.npmjs.org/glob cache-miss
571 http fetch GET 200 https://registry.npmjs.org/glob 4ms (cache hit)
572 silly packumentCache full:https://registry.npmjs.org/glob set size:469465 disposed:false
573 silly fetch manifest chownr@^2.0.0
574 silly packumentCache full:https://registry.npmjs.org/chownr cache-miss
575 http fetch GET 200 https://registry.npmjs.org/chownr 3ms (cache hit)
576 silly packumentCache full:https://registry.npmjs.org/chownr set size:22157 disposed:false
577 silly fetch manifest mkdirp@^1.0.3
578 silly packumentCache full:https://registry.npmjs.org/mkdirp cache-miss
579 http fetch GET 200 https://registry.npmjs.org/mkdirp 6ms (cache hit)
580 silly packumentCache full:https://registry.npmjs.org/mkdirp set size:116415 disposed:false
581 silly fetch manifest yallist@^4.0.0
582 silly packumentCache full:https://registry.npmjs.org/yallist cache-miss
583 http fetch GET 200 https://registry.npmjs.org/yallist 3ms (cache hit)
584 silly packumentCache full:https://registry.npmjs.org/yallist set size:34610 disposed:false
585 silly fetch manifest minipass@^5.0.0
586 silly packumentCache full:https://registry.npmjs.org/minipass cache-miss
587 http fetch GET 200 https://registry.npmjs.org/minipass 4ms (cache hit)
588 silly packumentCache full:https://registry.npmjs.org/minipass set size:276925 disposed:false
589 silly fetch manifest minizlib@^2.1.1
590 silly packumentCache full:https://registry.npmjs.org/minizlib cache-miss
591 http fetch GET 200 https://registry.npmjs.org/minizlib 3ms (cache hit)
592 silly packumentCache full:https://registry.npmjs.org/minizlib set size:62862 disposed:false
593 silly fetch manifest fs-minipass@^2.0.0
594 silly packumentCache full:https://registry.npmjs.org/fs-minipass cache-miss
595 http fetch GET 200 https://registry.npmjs.org/fs-minipass 6ms (cache hit)
596 silly packumentCache full:https://registry.npmjs.org/fs-minipass set size:44606 disposed:false
597 silly fetch manifest sax@>=0.6.0
598 silly packumentCache full:https://registry.npmjs.org/sax cache-miss
599 http fetch GET 200 https://registry.npmjs.org/sax 3ms (cache hit)
600 silly packumentCache full:https://registry.npmjs.org/sax set size:91199 disposed:false
601 silly fetch manifest xmlbuilder@~11.0.0
602 silly packumentCache full:https://registry.npmjs.org/xmlbuilder cache-hit
603 silly placeDep ROOT @types/fs-extra@8.1.5 OK for: @ionic/utils-fs@3.1.7 want: ^8.0.0
604 silly placeDep ROOT fs-extra@9.1.0 OK for: @ionic/utils-fs@3.1.7 want: ^9.0.0
605 silly fetch manifest jsonfile@^6.0.1
606 silly packumentCache full:https://registry.npmjs.org/jsonfile cache-miss
607 http fetch GET 200 https://registry.npmjs.org/jsonfile 3ms (cache hit)
608 silly packumentCache full:https://registry.npmjs.org/jsonfile set size:53210 disposed:false
609 silly fetch manifest graceful-fs@^4.2.0
610 silly packumentCache full:https://registry.npmjs.org/graceful-fs cache-hit
611 silly fetch manifest universalify@^2.0.0
612 silly packumentCache full:https://registry.npmjs.org/universalify cache-miss
613 http fetch GET 200 https://registry.npmjs.org/universalify 2ms (cache hit)
614 silly packumentCache full:https://registry.npmjs.org/universalify set size:19431 disposed:false
615 silly fetch manifest at-least-node@^1.0.0
616 silly packumentCache full:https://registry.npmjs.org/at-least-node cache-miss
617 http fetch GET 200 https://registry.npmjs.org/at-least-node 5ms (cache hit)
618 silly packumentCache full:https://registry.npmjs.org/at-least-node set size:4075 disposed:false
619 silly placeDep ROOT @ionic/utils-array@2.1.6 OK for: @ionic/utils-subprocess@2.1.14 want: 2.1.6
620 silly placeDep ROOT @ionic/utils-process@2.1.11 OK for: @ionic/utils-subprocess@2.1.14 want: 2.1.11
621 silly placeDep ROOT @ionic/utils-stream@3.1.6 OK for: @ionic/utils-subprocess@2.1.14 want: 3.1.6
622 silly placeDep node_modules/@ionic/utils-subprocess @ionic/utils-terminal@2.3.4 OK for: @ionic/utils-subprocess@2.1.14 want: 2.3.4
623 silly placeDep ROOT cross-spawn@7.0.6 OK for: @ionic/utils-subprocess@2.1.14 want: ^7.0.3
624 silly fetch manifest @ionic/utils-object@2.1.6
625 silly packumentCache full:https://registry.npmjs.org/@ionic%2futils-object cache-miss
626 http fetch GET 200 https://registry.npmjs.org/@ionic%2futils-object 2ms (cache hit)
627 silly packumentCache full:https://registry.npmjs.org/@ionic%2futils-object set size:82526 disposed:false
628 silly fetch manifest tree-kill@^1.2.2
629 silly packumentCache full:https://registry.npmjs.org/tree-kill cache-miss
630 http fetch GET 200 https://registry.npmjs.org/tree-kill 3ms (cache hit)
631 silly packumentCache full:https://registry.npmjs.org/tree-kill set size:24180 disposed:false
632 silly fetch manifest which@^2.0.1
633 silly packumentCache full:https://registry.npmjs.org/which cache-miss
634 http fetch GET 200 https://registry.npmjs.org/which 3ms (cache hit)
635 silly packumentCache full:https://registry.npmjs.org/which set size:70087 disposed:false
636 silly fetch manifest path-key@^3.1.0
637 silly packumentCache full:https://registry.npmjs.org/path-key cache-miss
638 http fetch GET 200 https://registry.npmjs.org/path-key 6ms (cache hit)
639 silly packumentCache full:https://registry.npmjs.org/path-key set size:16975 disposed:false
640 silly fetch manifest shebang-command@^2.0.0
641 silly packumentCache full:https://registry.npmjs.org/shebang-command cache-miss
642 http fetch GET 200 https://registry.npmjs.org/shebang-command 2ms (cache hit)
643 silly packumentCache full:https://registry.npmjs.org/shebang-command set size:8525 disposed:false
644 silly placeDep ROOT @ionic/utils-object@2.1.6 OK for: @ionic/utils-process@2.1.11 want: 2.1.6
645 silly placeDep node_modules/@ionic/utils-process @ionic/utils-terminal@2.3.4 OK for: @ionic/utils-process@2.1.11 want: 2.3.4
646 silly placeDep ROOT signal-exit@3.0.7 OK for: @ionic/utils-process@2.1.11 want: ^3.0.3
647 silly placeDep ROOT tree-kill@1.2.2 OK for: @ionic/utils-process@2.1.11 want: ^1.2.2
648 silly placeDep ROOT @types/slice-ansi@4.0.0 OK for: @ionic/utils-terminal@2.3.5 want: ^4.0.0
649 silly placeDep ROOT slice-ansi@4.0.0 OK for: @ionic/utils-terminal@2.3.5 want: ^4.0.0
650 silly placeDep ROOT string-width@4.2.3 OK for: @ionic/utils-terminal@2.3.5 want: ^4.1.0
651 silly placeDep ROOT strip-ansi@6.0.1 OK for: @ionic/utils-terminal@2.3.5 want: ^6.0.0
652 silly placeDep ROOT untildify@4.0.0 OK for: @ionic/utils-terminal@2.3.5 want: ^4.0.0
653 silly placeDep ROOT wrap-ansi@7.0.0 OK for: @ionic/utils-terminal@2.3.5 want: ^7.0.0
654 silly fetch manifest ansi-styles@^4.0.0
655 silly packumentCache full:https://registry.npmjs.org/ansi-styles cache-miss
656 http fetch GET 200 https://registry.npmjs.org/ansi-styles 2ms (cache hit)
657 silly packumentCache full:https://registry.npmjs.org/ansi-styles set size:63233 disposed:false
658 silly fetch manifest astral-regex@^2.0.0
659 silly packumentCache full:https://registry.npmjs.org/astral-regex cache-miss
660 http fetch GET 200 https://registry.npmjs.org/astral-regex 2ms (cache hit)
661 silly packumentCache full:https://registry.npmjs.org/astral-regex set size:5602 disposed:false
662 silly fetch manifest is-fullwidth-code-point@^3.0.0
663 silly packumentCache full:https://registry.npmjs.org/is-fullwidth-code-point cache-miss
664 http fetch GET 200 https://registry.npmjs.org/is-fullwidth-code-point 5ms (cache hit)
665 silly packumentCache full:https://registry.npmjs.org/is-fullwidth-code-point set size:14578 disposed:false
666 silly fetch manifest strip-ansi@^6.0.1
667 silly packumentCache full:https://registry.npmjs.org/strip-ansi cache-hit
668 silly fetch manifest emoji-regex@^8.0.0
669 silly packumentCache full:https://registry.npmjs.org/emoji-regex cache-miss
670 http fetch GET 200 https://registry.npmjs.org/emoji-regex 3ms (cache hit)
671 silly packumentCache full:https://registry.npmjs.org/emoji-regex set size:89064 disposed:false
672 silly fetch manifest ansi-regex@^5.0.1
673 silly packumentCache full:https://registry.npmjs.org/ansi-regex cache-miss
674 http fetch GET 200 https://registry.npmjs.org/ansi-regex 3ms (cache hit)
675 silly packumentCache full:https://registry.npmjs.org/ansi-regex set size:43572 disposed:false
676 silly placeDep ROOT @revenuecat/purchases-typescript-internal-esm@6.3.2 OK for: @revenuecat/purchases-capacitor@6.1.2 want: 6.3.2
677 silly placeDep ROOT cookie@0.5.0 OK for: @supabase/ssr@0.1.0 want: ^0.5.0
678 silly placeDep ROOT ramda@0.29.1 OK for: @supabase/ssr@0.1.0 want: ^0.29.0
679 silly placeDep ROOT @supabase/auth-js@2.109.0 OK for: @supabase/supabase-js@2.109.0 want: 2.109.0
680 silly placeDep ROOT @supabase/functions-js@2.109.0 OK for: @supabase/supabase-js@2.109.0 want: 2.109.0
681 silly placeDep ROOT @supabase/postgrest-js@2.109.0 OK for: @supabase/supabase-js@2.109.0 want: 2.109.0
682 silly placeDep ROOT @supabase/realtime-js@2.109.0 OK for: @supabase/supabase-js@2.109.0 want: 2.109.0
683 silly placeDep ROOT @supabase/storage-js@2.109.0 OK for: @supabase/supabase-js@2.109.0 want: 2.109.0
684 silly fetch manifest @supabase/phoenix@0.4.4
685 silly packumentCache full:https://registry.npmjs.org/@supabase%2fphoenix cache-miss
686 http fetch GET 200 https://registry.npmjs.org/@supabase%2fphoenix 2ms (cache hit)
687 silly packumentCache full:https://registry.npmjs.org/@supabase%2fphoenix set size:32329 disposed:false
688 silly fetch manifest iceberg-js@^0.8.1
689 silly packumentCache full:https://registry.npmjs.org/iceberg-js cache-miss
690 http fetch GET 200 https://registry.npmjs.org/iceberg-js 5ms (cache hit)
691 silly packumentCache full:https://registry.npmjs.org/iceberg-js set size:44071 disposed:false
692 silly placeDep ROOT @supabase/phoenix@0.4.4 OK for: @supabase/realtime-js@2.109.0 want: 0.4.4
693 silly placeDep ROOT iceberg-js@0.8.1 OK for: @supabase/storage-js@2.109.0 want: ^0.8.1
694 silly placeDep ROOT undici-types@6.21.0 OK for: @types/node@20.19.43 want: ~6.21.0
695 silly placeDep ROOT @types/prop-types@15.7.15 OK for: @types/react@18.3.31 want: *
696 silly placeDep ROOT csstype@3.2.3 OK for: @types/react@18.3.31 want: ^3.2.2
697 silly placeDep ROOT browserslist@4.28.7 OK for: autoprefixer@10.5.4 want: ^4.28.6
698 silly placeDep ROOT caniuse-lite@1.0.30001806 OK for: autoprefixer@10.5.4 want: ^1.0.30001806
699 silly placeDep ROOT fraction.js@5.3.4 OK for: autoprefixer@10.5.4 want: ^5.3.4
700 silly placeDep ROOT picocolors@1.1.1 OK for: autoprefixer@10.5.4 want: ^1.1.1
701 silly placeDep ROOT postcss-value-parser@4.2.0 OK for: autoprefixer@10.5.4 want: ^4.2.0
702 silly fetch manifest node-releases@^2.0.51
703 silly packumentCache full:https://registry.npmjs.org/node-releases cache-miss
704 http fetch GET 200 https://registry.npmjs.org/node-releases 2ms (cache hit)
705 silly packumentCache full:https://registry.npmjs.org/node-releases set size:290209 disposed:false
706 silly fetch manifest electron-to-chromium@^1.5.393
707 silly packumentCache full:https://registry.npmjs.org/electron-to-chromium cache-miss
708 http fetch GET 200 https://registry.npmjs.org/electron-to-chromium 11ms (cache hit)
709 silly packumentCache full:https://registry.npmjs.org/electron-to-chromium set size:4874832 disposed:false
710 silly fetch manifest update-browserslist-db@^1.2.3
711 silly packumentCache full:https://registry.npmjs.org/update-browserslist-db cache-miss
712 http fetch GET 200 https://registry.npmjs.org/update-browserslist-db 15ms (cache hit)
713 silly packumentCache full:https://registry.npmjs.org/update-browserslist-db set size:62000 disposed:false
714 silly fetch manifest baseline-browser-mapping@^2.10.44
715 silly packumentCache full:https://registry.npmjs.org/baseline-browser-mapping cache-miss
716 http fetch GET 200 https://registry.npmjs.org/baseline-browser-mapping 3ms (cache hit)
717 silly packumentCache full:https://registry.npmjs.org/baseline-browser-mapping set size:548489 disposed:false
718 silly fetch manifest browserslist@>= 4.21.0
719 silly packumentCache full:https://registry.npmjs.org/browserslist cache-hit
720 silly placeDep ROOT baseline-browser-mapping@2.11.1 OK for: browserslist@4.28.7 want: ^2.10.44
721 silly placeDep ROOT electron-to-chromium@1.5.396 OK for: browserslist@4.28.7 want: ^1.5.393
722 silly placeDep ROOT node-releases@2.0.51 OK for: browserslist@4.28.7 want: ^2.0.51
723 silly placeDep ROOT update-browserslist-db@1.2.3 OK for: browserslist@4.28.7 want: ^1.2.3
724 silly fetch manifest escalade@^3.2.0
725 silly packumentCache full:https://registry.npmjs.org/escalade cache-miss
726 http fetch GET 200 https://registry.npmjs.org/escalade 2ms (cache hit)
727 silly packumentCache full:https://registry.npmjs.org/escalade set size:33724 disposed:false
728 silly placeDep ROOT path-key@3.1.1 OK for: cross-spawn@7.0.6 want: ^3.1.0
729 silly placeDep ROOT shebang-command@2.0.0 OK for: cross-spawn@7.0.6 want: ^2.0.0
730 silly placeDep ROOT which@2.0.2 OK for: cross-spawn@7.0.6 want: ^2.0.1
731 silly fetch manifest shebang-regex@^3.0.0
732 silly packumentCache full:https://registry.npmjs.org/shebang-regex cache-miss
733 http fetch GET 200 https://registry.npmjs.org/shebang-regex 2ms (cache hit)
734 silly packumentCache full:https://registry.npmjs.org/shebang-regex set size:9763 disposed:false
735 silly fetch manifest isexe@^2.0.0
736 silly packumentCache full:https://registry.npmjs.org/isexe cache-miss
737 http fetch GET 200 https://registry.npmjs.org/isexe 3ms (cache hit)
738 silly packumentCache full:https://registry.npmjs.org/isexe set size:31756 disposed:false
739 silly placeDep ROOT ms@2.1.3 OK for: debug@4.4.3 want: ^2.1.3
740 silly placeDep ROOT at-least-node@1.0.0 OK for: fs-extra@9.1.0 want: ^1.0.0
741 silly placeDep ROOT graceful-fs@4.2.11 OK for: fs-extra@9.1.0 want: ^4.2.0
742 silly placeDep ROOT jsonfile@6.2.1 OK for: fs-extra@9.1.0 want: ^6.0.1
743 silly placeDep ROOT universalify@2.0.1 OK for: fs-extra@9.1.0 want: ^2.0.0
744 silly placeDep ROOT bplist-parser@0.3.2 OK for: native-run@2.0.3 want: ^0.3.2
745 silly placeDep ROOT elementtree@0.1.7 OK for: native-run@2.0.3 want: ^0.1.7
746 silly placeDep ROOT ini@4.1.3 OK for: native-run@2.0.3 want: ^4.1.1
747 silly placeDep ROOT split2@4.2.0 OK for: native-run@2.0.3 want: ^4.2.0
748 silly placeDep ROOT through2@4.0.2 OK for: native-run@2.0.3 want: ^4.0.2
749 silly placeDep ROOT yauzl@2.10.0 OK for: native-run@2.0.3 want: ^2.10.0
750 silly fetch manifest big-integer@1.6.x
751 silly packumentCache full:https://registry.npmjs.org/big-integer cache-miss
752 http fetch GET 200 https://registry.npmjs.org/big-integer 5ms (cache hit)
753 silly packumentCache full:https://registry.npmjs.org/big-integer set size:205433 disposed:false
754 silly fetch manifest sax@1.1.4
755 silly packumentCache full:https://registry.npmjs.org/sax cache-hit
756 silly fetch manifest readable-stream@3
757 silly packumentCache full:https://registry.npmjs.org/readable-stream cache-miss
758 http fetch GET 200 https://registry.npmjs.org/readable-stream 3ms (cache hit)
759 silly packumentCache full:https://registry.npmjs.org/readable-stream set size:261096 disposed:false
760 silly fetch manifest fd-slicer@~1.1.0
761 silly packumentCache full:https://registry.npmjs.org/fd-slicer cache-miss
762 http fetch GET 200 https://registry.npmjs.org/fd-slicer 2ms (cache hit)
763 silly packumentCache full:https://registry.npmjs.org/fd-slicer set size:25525 disposed:false
764 silly fetch manifest buffer-crc32@~0.2.3
765 silly packumentCache full:https://registry.npmjs.org/buffer-crc32 cache-miss
766 http fetch GET 200 https://registry.npmjs.org/buffer-crc32 5ms (cache hit)
767 silly packumentCache full:https://registry.npmjs.org/buffer-crc32 set size:58100 disposed:false
768 silly placeDep ROOT big-integer@1.6.52 OK for: bplist-parser@0.3.2 want: 1.6.x
769 silly placeDep ROOT sax@1.1.4 OK for: elementtree@0.1.7 want: 1.1.4
770 silly placeDep ROOT @next/env@14.2.35 OK for: next@14.2.35 want: 14.2.35
771 silly placeDep ROOT @next/swc-darwin-arm64@14.2.33 OK for: next@14.2.35 want: 14.2.33
772 silly placeDep ROOT @next/swc-darwin-x64@14.2.33 OK for: next@14.2.35 want: 14.2.33
773 silly placeDep ROOT @next/swc-linux-arm64-gnu@14.2.33 OK for: next@14.2.35 want: 14.2.33
774 silly placeDep ROOT @next/swc-linux-arm64-musl@14.2.33 OK for: next@14.2.35 want: 14.2.33
775 silly placeDep ROOT @next/swc-linux-x64-gnu@14.2.33 OK for: next@14.2.35 want: 14.2.33
776 silly placeDep ROOT @next/swc-linux-x64-musl@14.2.33 OK for: next@14.2.35 want: 14.2.33
777 silly placeDep ROOT @next/swc-win32-arm64-msvc@14.2.33 OK for: next@14.2.35 want: 14.2.33
778 silly placeDep ROOT @next/swc-win32-ia32-msvc@14.2.33 OK for: next@14.2.35 want: 14.2.33
779 silly placeDep ROOT @next/swc-win32-x64-msvc@14.2.33 OK for: next@14.2.35 want: 14.2.33
780 silly placeDep ROOT @swc/helpers@0.5.5 OK for: next@14.2.35 want: 0.5.5
781 silly placeDep ROOT busboy@1.6.0 OK for: next@14.2.35 want: 1.6.0
782 silly placeDep node_modules/next postcss@8.4.31 OK for: next@14.2.35 want: 8.4.31
783 silly placeDep ROOT styled-jsx@5.1.1 OK for: next@14.2.35 want: 5.1.1
784 silly fetch manifest @swc/counter@^0.1.3
785 silly packumentCache full:https://registry.npmjs.org/@swc%2fcounter cache-miss
786 http fetch GET 200 https://registry.npmjs.org/@swc%2fcounter 3ms (cache hit)
787 silly packumentCache full:https://registry.npmjs.org/@swc%2fcounter set size:7199 disposed:false
788 silly fetch manifest streamsearch@^1.1.0
789 silly packumentCache full:https://registry.npmjs.org/streamsearch cache-miss
790 http fetch GET 200 https://registry.npmjs.org/streamsearch 3ms (cache hit)
791 silly packumentCache full:https://registry.npmjs.org/streamsearch set size:27372 disposed:false
792 silly fetch manifest nanoid@^3.3.6
793 silly packumentCache full:https://registry.npmjs.org/nanoid cache-hit
794 silly fetch manifest source-map-js@^1.0.2
795 silly packumentCache full:https://registry.npmjs.org/source-map-js cache-hit
796 silly fetch manifest client-only@0.0.1
797 silly packumentCache full:https://registry.npmjs.org/client-only cache-miss
798 http fetch GET 200 https://registry.npmjs.org/client-only 5ms (cache hit)
799 silly packumentCache full:https://registry.npmjs.org/client-only set size:2750 disposed:false
800 silly placeDep ROOT @swc/counter@0.1.3 OK for: @swc/helpers@0.5.5 want: ^0.1.3
801 silly placeDep ROOT streamsearch@1.1.0 OK for: busboy@1.6.0 want: ^1.1.0
802 silly placeDep ROOT define-lazy-prop@2.0.0 OK for: open@8.4.2 want: ^2.0.0
803 silly placeDep ROOT is-docker@2.2.1 OK for: open@8.4.2 want: ^2.1.1
804 silly placeDep ROOT is-wsl@2.2.0 OK for: open@8.4.2 want: ^2.2.0
805 silly placeDep ROOT @xmldom/xmldom@0.9.10 OK for: plist@3.1.1 want: ^0.9.10
806 silly placeDep ROOT base64-js@1.5.1 OK for: plist@3.1.1 want: ^1.5.1
807 silly placeDep ROOT xmlbuilder@15.1.1 OK for: plist@3.1.1 want: ^15.1.1
808 silly placeDep ROOT nanoid@3.3.16 OK for: postcss@8.5.22 want: ^3.3.16
809 silly placeDep ROOT source-map-js@1.2.1 OK for: postcss@8.5.22 want: ^1.2.1
810 silly placeDep node_modules/prompts kleur@3.0.3 OK for: prompts@2.4.2 want: ^3.0.3
811 silly placeDep ROOT sisteransi@1.0.5 OK for: prompts@2.4.2 want: ^1.0.5
812 silly placeDep ROOT loose-envify@1.4.0 OK for: react@18.3.1 want: ^1.1.0
813 silly fetch manifest js-tokens@^3.0.0 || ^4.0.0
814 silly packumentCache full:https://registry.npmjs.org/js-tokens cache-miss
815 http fetch GET 200 https://registry.npmjs.org/js-tokens 3ms (cache hit)
816 silly packumentCache full:https://registry.npmjs.org/js-tokens set size:41947 disposed:false
817 silly placeDep ROOT js-tokens@4.0.0 OK for: loose-envify@1.4.0 want: ^3.0.0 || ^4.0.0
818 silly placeDep ROOT scheduler@0.23.2 OK for: react-dom@18.3.1 want: ^0.23.2
819 silly placeDep ROOT glob@9.3.5 OK for: rimraf@4.4.1 want: ^9.2.0
820 silly fetch manifest minipass@^4.2.4
821 silly packumentCache full:https://registry.npmjs.org/minipass cache-hit
822 silly fetch manifest minimatch@^8.0.2
823 silly packumentCache full:https://registry.npmjs.org/minimatch cache-miss
824 http fetch GET 200 https://registry.npmjs.org/minimatch 4ms (cache hit)
825 silly packumentCache full:https://registry.npmjs.org/minimatch set size:375282 disposed:false
826 silly fetch manifest fs.realpath@^1.0.0
827 silly packumentCache full:https://registry.npmjs.org/fs.realpath cache-miss
828 http fetch GET 200 https://registry.npmjs.org/fs.realpath 5ms (cache hit)
829 silly packumentCache full:https://registry.npmjs.org/fs.realpath set size:4806 disposed:false
830 silly fetch manifest path-scurry@^1.6.1
831 silly packumentCache full:https://registry.npmjs.org/path-scurry cache-miss
832 http fetch GET 200 https://registry.npmjs.org/path-scurry 3ms (cache hit)
833 silly packumentCache full:https://registry.npmjs.org/path-scurry set size:117612 disposed:false
834 silly placeDep ROOT fs.realpath@1.0.0 OK for: glob@9.3.5 want: ^1.0.0
835 silly placeDep ROOT minimatch@8.0.7 OK for: glob@9.3.5 want: ^8.0.2
836 silly placeDep ROOT minipass@4.2.8 OK for: glob@9.3.5 want: ^4.2.4
837 silly placeDep ROOT path-scurry@1.11.1 OK for: glob@9.3.5 want: ^1.6.1
838 silly fetch manifest brace-expansion@^2.0.1
839 silly packumentCache full:https://registry.npmjs.org/brace-expansion cache-miss
840 http fetch GET 200 https://registry.npmjs.org/brace-expansion 3ms (cache hit)
841 silly packumentCache full:https://registry.npmjs.org/brace-expansion set size:83856 disposed:false
842 silly fetch manifest minipass@^5.0.0 || ^6.0.2 || ^7.0.0
843 silly packumentCache full:https://registry.npmjs.org/minipass cache-hit
844 silly fetch manifest lru-cache@^10.2.0
845 silly packumentCache full:https://registry.npmjs.org/lru-cache cache-miss
846 http fetch GET 200 https://registry.npmjs.org/lru-cache 3ms (cache hit)
847 silly packumentCache full:https://registry.npmjs.org/lru-cache set size:460407 disposed:false
848 silly placeDep ROOT brace-expansion@2.1.2 OK for: minimatch@8.0.7 want: ^2.0.1
849 silly fetch manifest balanced-match@^1.0.0
850 silly packumentCache full:https://registry.npmjs.org/balanced-match cache-miss
851 http fetch GET 200 https://registry.npmjs.org/balanced-match 4ms (cache hit)
852 silly packumentCache full:https://registry.npmjs.org/balanced-match set size:39082 disposed:false
853 silly placeDep ROOT balanced-match@1.0.2 OK for: brace-expansion@2.1.2 want: ^1.0.0
854 silly placeDep ROOT lru-cache@10.4.3 OK for: path-scurry@1.11.1 want: ^10.2.0
855 silly placeDep node_modules/path-scurry minipass@7.1.3 OK for: path-scurry@1.11.1 want: ^5.0.0 || ^6.0.2 || ^7.0.0
856 silly placeDep ROOT shebang-regex@3.0.0 OK for: shebang-command@2.0.0 want: ^3.0.0
857 silly placeDep ROOT ansi-styles@4.3.0 OK for: slice-ansi@4.0.0 want: ^4.0.0
858 silly placeDep ROOT astral-regex@2.0.0 OK for: slice-ansi@4.0.0 want: ^2.0.0
859 silly placeDep ROOT is-fullwidth-code-point@3.0.0 OK for: slice-ansi@4.0.0 want: ^3.0.0
860 silly fetch manifest color-convert@^2.0.1
861 silly packumentCache full:https://registry.npmjs.org/color-convert cache-miss
862 http fetch GET 200 https://registry.npmjs.org/color-convert 2ms (cache hit)
863 silly packumentCache full:https://registry.npmjs.org/color-convert set size:72663 disposed:false
864 silly placeDep ROOT color-convert@2.0.1 OK for: ansi-styles@4.3.0 want: ^2.0.1
865 silly fetch manifest color-name@~1.1.4
866 silly packumentCache full:https://registry.npmjs.org/color-name cache-miss
867 http fetch GET 200 https://registry.npmjs.org/color-name 3ms (cache hit)
868 silly packumentCache full:https://registry.npmjs.org/color-name set size:20968 disposed:false
869 silly placeDep ROOT color-name@1.1.4 OK for: color-convert@2.0.1 want: ~1.1.4
870 silly placeDep ROOT emoji-regex@8.0.0 OK for: string-width@4.2.3 want: ^8.0.0
871 silly placeDep ROOT ansi-regex@5.0.1 OK for: strip-ansi@6.0.1 want: ^5.0.1
872 silly placeDep ROOT client-only@0.0.1 OK for: styled-jsx@5.1.1 want: 0.0.1
873 silly fetch manifest postcss@^8.4.47
874 silly packumentCache full:https://registry.npmjs.org/postcss cache-hit
875 silly fetch manifest tsx@^4.8.1
876 silly packumentCache full:https://registry.npmjs.org/tsx cache-miss
877 http fetch GET 200 https://registry.npmjs.org/tsx 3ms (cache hit)
878 silly packumentCache full:https://registry.npmjs.org/tsx set size:312195 disposed:false
879 silly fetch manifest yaml@^2.4.2
880 silly packumentCache full:https://registry.npmjs.org/yaml cache-miss
881 http fetch GET 200 https://registry.npmjs.org/yaml 3ms (cache hit)
882 silly packumentCache full:https://registry.npmjs.org/yaml set size:385754 disposed:false
883 silly placeDep ROOT @alloc/quick-lru@5.2.0 OK for: tailwindcss@3.4.19 want: ^5.2.0
884 silly placeDep ROOT arg@5.0.2 OK for: tailwindcss@3.4.19 want: ^5.0.2
885 silly placeDep ROOT chokidar@3.6.0 OK for: tailwindcss@3.4.19 want: ^3.6.0
886 silly placeDep ROOT didyoumean@1.2.2 OK for: tailwindcss@3.4.19 want: ^1.2.2
887 silly placeDep ROOT dlv@1.1.3 OK for: tailwindcss@3.4.19 want: ^1.1.3
888 silly placeDep ROOT fast-glob@3.3.3 OK for: tailwindcss@3.4.19 want: ^3.3.2
889 silly placeDep ROOT glob-parent@6.0.2 OK for: tailwindcss@3.4.19 want: ^6.0.2
890 silly placeDep ROOT is-glob@4.0.3 OK for: tailwindcss@3.4.19 want: ^4.0.3
891 silly placeDep ROOT jiti@1.21.7 OK for: tailwindcss@3.4.19 want: ^1.21.7
892 silly placeDep ROOT lilconfig@3.1.3 OK for: tailwindcss@3.4.19 want: ^3.1.3
893 silly placeDep ROOT micromatch@4.0.8 OK for: tailwindcss@3.4.19 want: ^4.0.8
894 silly placeDep ROOT normalize-path@3.0.0 OK for: tailwindcss@3.4.19 want: ^3.0.0
895 silly placeDep ROOT object-hash@3.0.0 OK for: tailwindcss@3.4.19 want: ^3.0.0
896 silly placeDep ROOT postcss-import@15.1.0 OK for: tailwindcss@3.4.19 want: ^15.1.0
897 silly placeDep ROOT postcss-js@4.1.0 OK for: tailwindcss@3.4.19 want: ^4.0.1
898 silly placeDep ROOT postcss-load-config@6.0.1 OK for: tailwindcss@3.4.19 want: ^4.0.2 || ^5.0 || ^6.0
899 silly placeDep ROOT postcss-nested@6.2.0 OK for: tailwindcss@3.4.19 want: ^6.2.0
900 silly placeDep ROOT postcss-selector-parser@6.1.4 OK for: tailwindcss@3.4.19 want: ^6.1.2
901 silly placeDep ROOT resolve@1.22.12 OK for: tailwindcss@3.4.19 want: ^1.22.8
902 silly placeDep ROOT sucrase@3.35.1 OK for: tailwindcss@3.4.19 want: ^3.35.0
903 silly fetch manifest braces@~3.0.2
904 silly packumentCache full:https://registry.npmjs.org/braces cache-miss
905 http fetch GET 200 https://registry.npmjs.org/braces 6ms (cache hit)
906 silly packumentCache full:https://registry.npmjs.org/braces set size:114529 disposed:false
907 silly fetch manifest is-glob@~4.0.1
908 silly packumentCache full:https://registry.npmjs.org/is-glob cache-hit
909 silly fetch manifest anymatch@~3.1.2
910 silly packumentCache full:https://registry.npmjs.org/anymatch cache-miss
911 http fetch GET 200 https://registry.npmjs.org/anymatch 2ms (cache hit)
912 silly packumentCache full:https://registry.npmjs.org/anymatch set size:42974 disposed:false
913 silly fetch manifest readdirp@~3.6.0
914 silly packumentCache full:https://registry.npmjs.org/readdirp cache-miss
915 http fetch GET 200 https://registry.npmjs.org/readdirp 2ms (cache hit)
916 silly packumentCache full:https://registry.npmjs.org/readdirp set size:107589 disposed:false
917 silly fetch manifest glob-parent@~5.1.2
918 silly packumentCache full:https://registry.npmjs.org/glob-parent cache-hit
919 silly fetch manifest is-binary-path@~2.1.0
920 silly packumentCache full:https://registry.npmjs.org/is-binary-path cache-miss
921 http fetch GET 200 https://registry.npmjs.org/is-binary-path 2ms (cache hit)
922 silly packumentCache full:https://registry.npmjs.org/is-binary-path set size:13475 disposed:false
923 silly fetch manifest normalize-path@~3.0.0
924 silly packumentCache full:https://registry.npmjs.org/normalize-path cache-hit
925 silly fetch manifest fsevents@~2.3.2
926 silly packumentCache full:https://registry.npmjs.org/fsevents cache-miss
927 http fetch GET 200 https://registry.npmjs.org/fsevents 4ms (cache hit)
928 silly packumentCache full:https://registry.npmjs.org/fsevents set size:182472 disposed:false
929 silly fetch manifest @nodelib/fs.stat@^2.0.2
930 silly packumentCache full:https://registry.npmjs.org/@nodelib%2ffs.stat cache-miss
931 http fetch GET 200 https://registry.npmjs.org/@nodelib%2ffs.stat 5ms (cache hit)
932 silly packumentCache full:https://registry.npmjs.org/@nodelib%2ffs.stat set size:36993 disposed:false
933 silly fetch manifest @nodelib/fs.walk@^1.2.3
934 silly packumentCache full:https://registry.npmjs.org/@nodelib%2ffs.walk cache-miss
935 http fetch GET 200 https://registry.npmjs.org/@nodelib%2ffs.walk 2ms (cache hit)
936 silly packumentCache full:https://registry.npmjs.org/@nodelib%2ffs.walk set size:41589 disposed:false
937 silly fetch manifest glob-parent@^5.1.2
938 silly packumentCache full:https://registry.npmjs.org/glob-parent cache-hit
939 silly fetch manifest merge2@^1.3.0
940 silly packumentCache full:https://registry.npmjs.org/merge2 cache-miss
941 http fetch GET 200 https://registry.npmjs.org/merge2 2ms (cache hit)
942 silly packumentCache full:https://registry.npmjs.org/merge2 set size:46159 disposed:false
943 silly fetch manifest is-extglob@^2.1.1
944 silly packumentCache full:https://registry.npmjs.org/is-extglob cache-miss
945 http fetch GET 200 https://registry.npmjs.org/is-extglob 3ms (cache hit)
946 silly packumentCache full:https://registry.npmjs.org/is-extglob set size:11766 disposed:false
947 silly fetch manifest braces@^3.0.3
948 silly packumentCache full:https://registry.npmjs.org/braces cache-hit
949 silly fetch manifest picomatch@^2.3.1
950 silly packumentCache full:https://registry.npmjs.org/picomatch cache-miss
951 http fetch GET 200 https://registry.npmjs.org/picomatch 4ms (cache hit)
952 silly packumentCache full:https://registry.npmjs.org/picomatch set size:128942 disposed:false
953 silly fetch manifest resolve@^1.1.7
954 silly packumentCache full:https://registry.npmjs.org/resolve cache-hit
955 silly fetch manifest read-cache@^1.0.0
956 silly packumentCache full:https://registry.npmjs.org/read-cache cache-miss
957 http fetch GET 200 https://registry.npmjs.org/read-cache 3ms (cache hit)
958 silly packumentCache full:https://registry.npmjs.org/read-cache set size:3003 disposed:false
959 silly fetch manifest camelcase-css@^2.0.1
960 silly packumentCache full:https://registry.npmjs.org/camelcase-css cache-miss
961 http fetch GET 200 https://registry.npmjs.org/camelcase-css 2ms (cache hit)
962 silly packumentCache full:https://registry.npmjs.org/camelcase-css set size:9392 disposed:false
963 silly fetch manifest postcss-selector-parser@^6.1.1
964 silly packumentCache full:https://registry.npmjs.org/postcss-selector-parser cache-hit
965 silly fetch manifest cssesc@^3.0.0
966 silly packumentCache full:https://registry.npmjs.org/cssesc cache-miss
967 http fetch GET 200 https://registry.npmjs.org/cssesc 2ms (cache hit)
968 silly packumentCache full:https://registry.npmjs.org/cssesc set size:18815 disposed:false
969 silly fetch manifest util-deprecate@^1.0.2
970 silly packumentCache full:https://registry.npmjs.org/util-deprecate cache-miss
971 http fetch GET 200 https://registry.npmjs.org/util-deprecate 2ms (cache hit)
972 silly packumentCache full:https://registry.npmjs.org/util-deprecate set size:6674 disposed:false
973 silly fetch manifest es-errors@^1.3.0
974 silly packumentCache full:https://registry.npmjs.org/es-errors cache-miss
975 http fetch GET 200 https://registry.npmjs.org/es-errors 5ms (cache hit)
976 silly packumentCache full:https://registry.npmjs.org/es-errors set size:16918 disposed:false
977 silly fetch manifest path-parse@^1.0.7
978 silly packumentCache full:https://registry.npmjs.org/path-parse cache-miss
979 http fetch GET 200 https://registry.npmjs.org/path-parse 2ms (cache hit)
980 silly packumentCache full:https://registry.npmjs.org/path-parse set size:14523 disposed:false
981 silly fetch manifest is-core-module@^2.16.1
982 silly packumentCache full:https://registry.npmjs.org/is-core-module cache-miss
983 http fetch GET 200 https://registry.npmjs.org/is-core-module 2ms (cache hit)
984 silly packumentCache full:https://registry.npmjs.org/is-core-module set size:74378 disposed:false
985 silly fetch manifest supports-preserve-symlinks-flag@^1.0.0
986 silly packumentCache full:https://registry.npmjs.org/supports-preserve-symlinks-flag cache-miss
987 http fetch GET 200 https://registry.npmjs.org/supports-preserve-symlinks-flag 2ms (cache hit)
988 silly packumentCache full:https://registry.npmjs.org/supports-preserve-symlinks-flag set size:6802 disposed:false
989 silly fetch manifest @jridgewell/gen-mapping@^0.3.2
990 silly packumentCache full:https://registry.npmjs.org/@jridgewell%2fgen-mapping cache-miss
991 http fetch GET 200 https://registry.npmjs.org/@jridgewell%2fgen-mapping 2ms (cache hit)
992 silly packumentCache full:https://registry.npmjs.org/@jridgewell%2fgen-mapping set size:75941 disposed:false
993 silly fetch manifest commander@^4.0.0
994 silly packumentCache full:https://registry.npmjs.org/commander cache-hit
995 silly fetch manifest lines-and-columns@^1.1.6
996 silly packumentCache full:https://registry.npmjs.org/lines-and-columns cache-miss
997 http fetch GET 200 https://registry.npmjs.org/lines-and-columns 5ms (cache hit)
998 silly packumentCache full:https://registry.npmjs.org/lines-and-columns set size:73796 disposed:false
999 silly fetch manifest mz@^2.7.0
1000 silly packumentCache full:https://registry.npmjs.org/mz cache-miss
1001 http fetch GET 200 https://registry.npmjs.org/mz 2ms (cache hit)
1002 silly packumentCache full:https://registry.npmjs.org/mz set size:42731 disposed:false
1003 silly fetch manifest pirates@^4.0.1
1004 silly packumentCache full:https://registry.npmjs.org/pirates cache-miss
1005 http fetch GET 200 https://registry.npmjs.org/pirates 2ms (cache hit)
1006 silly packumentCache full:https://registry.npmjs.org/pirates set size:51327 disposed:false
1007 silly fetch manifest tinyglobby@^0.2.11
1008 silly packumentCache full:https://registry.npmjs.org/tinyglobby cache-miss
1009 http fetch GET 200 https://registry.npmjs.org/tinyglobby 2ms (cache hit)
1010 silly packumentCache full:https://registry.npmjs.org/tinyglobby set size:54291 disposed:false
1011 silly fetch manifest ts-interface-checker@^0.1.9
1012 silly packumentCache full:https://registry.npmjs.org/ts-interface-checker cache-miss
1013 http fetch GET 200 https://registry.npmjs.org/ts-interface-checker 30ms (cache hit)
1014 silly packumentCache full:https://registry.npmjs.org/ts-interface-checker set size:58946 disposed:false
1015 silly placeDep ROOT anymatch@3.1.3 OK for: chokidar@3.6.0 want: ~3.1.2
1016 silly placeDep ROOT braces@3.0.3 OK for: chokidar@3.6.0 want: ~3.0.2
1017 silly placeDep ROOT fsevents@2.3.3 OK for: chokidar@3.6.0 want: ~2.3.2
1018 silly placeDep node_modules/chokidar glob-parent@5.1.2 OK for: chokidar@3.6.0 want: ~5.1.2
1019 silly placeDep ROOT is-binary-path@2.1.0 OK for: chokidar@3.6.0 want: ~2.1.0
1020 silly placeDep ROOT readdirp@3.6.0 OK for: chokidar@3.6.0 want: ~3.6.0
1021 silly fetch manifest picomatch@^2.0.4
1022 silly packumentCache full:https://registry.npmjs.org/picomatch cache-hit
1023 silly fetch manifest fill-range@^7.1.1
1024 silly packumentCache full:https://registry.npmjs.org/fill-range cache-miss
1025 http fetch GET 200 https://registry.npmjs.org/fill-range 17ms (cache hit)
1026 silly packumentCache full:https://registry.npmjs.org/fill-range set size:90162 disposed:false
1027 silly fetch manifest binary-extensions@^2.0.0
1028 silly packumentCache full:https://registry.npmjs.org/binary-extensions cache-miss
1029 http fetch GET 200 https://registry.npmjs.org/binary-extensions 2ms (cache hit)
1030 silly packumentCache full:https://registry.npmjs.org/binary-extensions set size:51551 disposed:false
1031 silly fetch manifest picomatch@^2.2.1
1032 silly packumentCache full:https://registry.npmjs.org/picomatch cache-hit
1033 silly placeDep ROOT picomatch@2.3.2 OK for: anymatch@3.1.3 want: ^2.0.4
1034 silly placeDep ROOT fill-range@7.1.1 OK for: braces@3.0.3 want: ^7.1.1
1035 silly fetch manifest to-regex-range@^5.0.1
1036 silly packumentCache full:https://registry.npmjs.org/to-regex-range cache-miss
1037 http fetch GET 200 https://registry.npmjs.org/to-regex-range 2ms (cache hit)
1038 silly packumentCache full:https://registry.npmjs.org/to-regex-range set size:61569 disposed:false
1039 silly placeDep ROOT @nodelib/fs.stat@2.0.5 OK for: fast-glob@3.3.3 want: ^2.0.2
1040 silly placeDep ROOT @nodelib/fs.walk@1.2.8 OK for: fast-glob@3.3.3 want: ^1.2.3
1041 silly placeDep node_modules/fast-glob glob-parent@5.1.2 OK for: fast-glob@3.3.3 want: ^5.1.2
1042 silly placeDep ROOT merge2@1.4.1 OK for: fast-glob@3.3.3 want: ^1.3.0
1043 silly fetch manifest fastq@^1.6.0
1044 silly packumentCache full:https://registry.npmjs.org/fastq cache-miss
1045 http fetch GET 200 https://registry.npmjs.org/fastq 3ms (cache hit)
1046 silly packumentCache full:https://registry.npmjs.org/fastq set size:78301 disposed:false
1047 silly fetch manifest @nodelib/fs.scandir@2.1.5
1048 silly packumentCache full:https://registry.npmjs.org/@nodelib%2ffs.scandir cache-miss
1049 http fetch GET 200 https://registry.npmjs.org/@nodelib%2ffs.scandir 2ms (cache hit)
1050 silly packumentCache full:https://registry.npmjs.org/@nodelib%2ffs.scandir set size:49256 disposed:false
1051 silly placeDep ROOT @nodelib/fs.scandir@2.1.5 OK for: @nodelib/fs.walk@1.2.8 want: 2.1.5
1052 silly placeDep ROOT fastq@1.20.1 OK for: @nodelib/fs.walk@1.2.8 want: ^1.6.0
1053 silly fetch manifest run-parallel@^1.1.9
1054 silly packumentCache full:https://registry.npmjs.org/run-parallel cache-miss
1055 http fetch GET 200 https://registry.npmjs.org/run-parallel 3ms (cache hit)
1056 silly packumentCache full:https://registry.npmjs.org/run-parallel set size:35172 disposed:false
1057 silly fetch manifest reusify@^1.0.4
1058 silly packumentCache full:https://registry.npmjs.org/reusify cache-miss
1059 http fetch GET 200 https://registry.npmjs.org/reusify 4ms (cache hit)
1060 silly packumentCache full:https://registry.npmjs.org/reusify set size:14249 disposed:false
1061 silly placeDep ROOT run-parallel@1.2.0 OK for: @nodelib/fs.scandir@2.1.5 want: ^1.1.9
1062 silly fetch manifest queue-microtask@^1.2.2
1063 silly packumentCache full:https://registry.npmjs.org/queue-microtask cache-miss
1064 http fetch GET 200 https://registry.npmjs.org/queue-microtask 2ms (cache hit)
1065 silly packumentCache full:https://registry.npmjs.org/queue-microtask set size:36088 disposed:false
1066 silly placeDep ROOT reusify@1.1.0 OK for: fastq@1.20.1 want: ^1.0.4
1067 silly placeDep ROOT to-regex-range@5.0.1 OK for: fill-range@7.1.1 want: ^5.0.1
1068 silly fetch manifest is-number@^7.0.0
1069 silly packumentCache full:https://registry.npmjs.org/is-number cache-miss
1070 http fetch GET 200 https://registry.npmjs.org/is-number 2ms (cache hit)
1071 silly packumentCache full:https://registry.npmjs.org/is-number set size:36183 disposed:false
1072 silly placeDep ROOT binary-extensions@2.3.0 OK for: is-binary-path@2.1.0 want: ^2.0.0
1073 silly placeDep ROOT is-extglob@2.1.1 OK for: is-glob@4.0.3 want: ^2.1.1
1074 silly placeDep ROOT read-cache@1.0.0 OK for: postcss-import@15.1.0 want: ^1.0.0
1075 silly fetch manifest pify@^2.3.0
1076 silly packumentCache full:https://registry.npmjs.org/pify cache-miss
1077 http fetch GET 200 https://registry.npmjs.org/pify 4ms (cache hit)
1078 silly packumentCache full:https://registry.npmjs.org/pify set size:33583 disposed:false
1079 silly placeDep ROOT camelcase-css@2.0.1 OK for: postcss-js@4.1.0 want: ^2.0.1
1080 silly placeDep ROOT cssesc@3.0.0 OK for: postcss-selector-parser@6.1.4 want: ^3.0.0
1081 silly placeDep ROOT util-deprecate@1.0.2 OK for: postcss-selector-parser@6.1.4 want: ^1.0.2
1082 silly placeDep ROOT pify@2.3.0 OK for: read-cache@1.0.0 want: ^2.3.0
1083 silly placeDep ROOT es-errors@1.3.0 OK for: resolve@1.22.12 want: ^1.3.0
1084 silly placeDep ROOT is-core-module@2.16.2 OK for: resolve@1.22.12 want: ^2.16.1
1085 silly placeDep ROOT path-parse@1.0.7 OK for: resolve@1.22.12 want: ^1.0.7
1086 silly placeDep ROOT supports-preserve-symlinks-flag@1.0.0 OK for: resolve@1.22.12 want: ^1.0.0
1087 silly fetch manifest hasown@^2.0.3
1088 silly packumentCache full:https://registry.npmjs.org/hasown cache-miss
1089 http fetch GET 200 https://registry.npmjs.org/hasown 3ms (cache hit)
1090 silly packumentCache full:https://registry.npmjs.org/hasown set size:18361 disposed:false
1091 silly placeDep ROOT hasown@2.0.4 OK for: is-core-module@2.16.2 want: ^2.0.3
1092 silly fetch manifest function-bind@^1.1.2
1093 silly packumentCache full:https://registry.npmjs.org/function-bind cache-miss
1094 http fetch GET 200 https://registry.npmjs.org/function-bind 1ms (cache hit)
1095 silly packumentCache full:https://registry.npmjs.org/function-bind set size:15733 disposed:false
1096 silly placeDep ROOT function-bind@1.1.2 OK for: hasown@2.0.4 want: ^1.1.2
1097 silly placeDep ROOT queue-microtask@1.2.3 OK for: run-parallel@1.2.0 want: ^1.2.2
1098 silly placeDep ROOT @jridgewell/gen-mapping@0.3.13 OK for: sucrase@3.35.1 want: ^0.3.2
1099 silly placeDep node_modules/sucrase commander@4.1.1 OK for: sucrase@3.35.1 want: ^4.0.0
1100 silly placeDep ROOT lines-and-columns@1.2.4 OK for: sucrase@3.35.1 want: ^1.1.6
1101 silly placeDep ROOT mz@2.7.0 OK for: sucrase@3.35.1 want: ^2.7.0
1102 silly placeDep ROOT pirates@4.0.7 OK for: sucrase@3.35.1 want: ^4.0.1
1103 silly placeDep ROOT tinyglobby@0.2.17 OK for: sucrase@3.35.1 want: ^0.2.11
1104 silly placeDep ROOT ts-interface-checker@0.1.13 OK for: sucrase@3.35.1 want: ^0.1.9
1105 silly fetch manifest @jridgewell/trace-mapping@^0.3.24
1106 silly packumentCache full:https://registry.npmjs.org/@jridgewell%2ftrace-mapping cache-miss
1107 http fetch GET 200 https://registry.npmjs.org/@jridgewell%2ftrace-mapping 3ms (cache hit)
1108 silly packumentCache full:https://registry.npmjs.org/@jridgewell%2ftrace-mapping set size:170909 disposed:false
1109 silly fetch manifest @jridgewell/sourcemap-codec@^1.5.0
1110 silly packumentCache full:https://registry.npmjs.org/@jridgewell%2fsourcemap-codec cache-miss
1111 http fetch GET 200 https://registry.npmjs.org/@jridgewell%2fsourcemap-codec 4ms (cache hit)
1112 silly packumentCache full:https://registry.npmjs.org/@jridgewell%2fsourcemap-codec set size:51856 disposed:false
1113 silly fetch manifest any-promise@^1.0.0
1114 silly packumentCache full:https://registry.npmjs.org/any-promise cache-miss
1115 http fetch GET 200 https://registry.npmjs.org/any-promise 3ms (cache hit)
1116 silly packumentCache full:https://registry.npmjs.org/any-promise set size:20233 disposed:false
1117 silly fetch manifest object-assign@^4.0.1
1118 silly packumentCache full:https://registry.npmjs.org/object-assign cache-miss
1119 http fetch GET 200 https://registry.npmjs.org/object-assign 2ms (cache hit)
1120 silly packumentCache full:https://registry.npmjs.org/object-assign set size:28988 disposed:false
1121 silly fetch manifest thenify-all@^1.0.0
1122 silly packumentCache full:https://registry.npmjs.org/thenify-all cache-miss
1123 http fetch GET 200 https://registry.npmjs.org/thenify-all 2ms (cache hit)
1124 silly packumentCache full:https://registry.npmjs.org/thenify-all set size:18488 disposed:false
1125 silly fetch manifest fdir@^6.5.0
1126 silly packumentCache full:https://registry.npmjs.org/fdir cache-miss
1127 http fetch GET 200 https://registry.npmjs.org/fdir 3ms (cache hit)
1128 silly packumentCache full:https://registry.npmjs.org/fdir set size:136182 disposed:false
1129 silly fetch manifest picomatch@^4.0.4
1130 silly packumentCache full:https://registry.npmjs.org/picomatch cache-hit
1131 silly placeDep ROOT @jridgewell/sourcemap-codec@1.5.5 OK for: @jridgewell/gen-mapping@0.3.13 want: ^1.5.0
1132 silly placeDep ROOT @jridgewell/trace-mapping@0.3.31 OK for: @jridgewell/gen-mapping@0.3.13 want: ^0.3.24
1133 silly fetch manifest @jridgewell/resolve-uri@^3.1.0
1134 silly packumentCache full:https://registry.npmjs.org/@jridgewell%2fresolve-uri cache-miss
1135 http fetch GET 200 https://registry.npmjs.org/@jridgewell%2fresolve-uri 5ms (cache hit)
1136 silly packumentCache full:https://registry.npmjs.org/@jridgewell%2fresolve-uri set size:57361 disposed:false
1137 silly placeDep ROOT @jridgewell/resolve-uri@3.1.2 OK for: @jridgewell/trace-mapping@0.3.31 want: ^3.1.0
1138 silly placeDep ROOT any-promise@1.3.0 OK for: mz@2.7.0 want: ^1.0.0
1139 silly placeDep ROOT object-assign@4.1.1 OK for: mz@2.7.0 want: ^4.0.1
1140 silly placeDep ROOT thenify-all@1.6.0 OK for: mz@2.7.0 want: ^1.0.0
1141 silly fetch manifest thenify@>= 3.1.0 < 4
1142 silly packumentCache full:https://registry.npmjs.org/thenify cache-miss
1143 http fetch GET 200 https://registry.npmjs.org/thenify 2ms (cache hit)
1144 silly packumentCache full:https://registry.npmjs.org/thenify set size:21379 disposed:false
1145 silly placeDep ROOT chownr@2.0.0 OK for: tar@6.2.1 want: ^2.0.0
1146 silly placeDep ROOT fs-minipass@2.1.0 OK for: tar@6.2.1 want: ^2.0.0
1147 silly placeDep node_modules/tar minipass@5.0.0 OK for: tar@6.2.1 want: ^5.0.0
1148 silly placeDep ROOT minizlib@2.1.2 OK for: tar@6.2.1 want: ^2.1.1
1149 silly placeDep ROOT mkdirp@1.0.4 OK for: tar@6.2.1 want: ^1.0.3
1150 silly placeDep ROOT yallist@4.0.0 OK for: tar@6.2.1 want: ^4.0.0
1151 silly fetch manifest minipass@^3.0.0
1152 silly packumentCache full:https://registry.npmjs.org/minipass cache-hit
1153 silly placeDep node_modules/fs-minipass minipass@3.3.6 OK for: fs-minipass@2.1.0 want: ^3.0.0
1154 silly placeDep node_modules/minizlib minipass@3.3.6 OK for: minizlib@2.1.2 want: ^3.0.0
1155 silly placeDep ROOT thenify@3.3.1 OK for: thenify-all@1.6.0 want: >= 3.1.0 < 4
1156 silly placeDep ROOT readable-stream@3.6.2 OK for: through2@4.0.2 want: 3
1157 silly fetch manifest inherits@^2.0.3
1158 silly packumentCache full:https://registry.npmjs.org/inherits cache-miss
1159 http fetch GET 200 https://registry.npmjs.org/inherits 2ms (cache hit)
1160 silly packumentCache full:https://registry.npmjs.org/inherits set size:12925 disposed:false
1161 silly fetch manifest string_decoder@^1.1.1
1162 silly packumentCache full:https://registry.npmjs.org/string_decoder cache-miss
1163 http fetch GET 200 https://registry.npmjs.org/string_decoder 5ms (cache hit)
1164 silly packumentCache full:https://registry.npmjs.org/string_decoder set size:28441 disposed:false
1165 silly placeDep ROOT inherits@2.0.4 OK for: readable-stream@3.6.2 want: ^2.0.3
1166 silly placeDep ROOT string_decoder@1.3.0 OK for: readable-stream@3.6.2 want: ^1.1.1
1167 silly fetch manifest safe-buffer@~5.2.0
1168 silly packumentCache full:https://registry.npmjs.org/safe-buffer cache-miss
1169 http fetch GET 200 https://registry.npmjs.org/safe-buffer 2ms (cache hit)
1170 silly packumentCache full:https://registry.npmjs.org/safe-buffer set size:41183 disposed:false
1171 silly placeDep ROOT safe-buffer@5.2.1 OK for: string_decoder@1.3.0 want: ~5.2.0
1172 silly placeDep node_modules/tinyglobby fdir@6.5.0 OK for: tinyglobby@0.2.17 want: ^6.5.0
1173 silly placeDep node_modules/tinyglobby picomatch@4.0.5 OK for: fdir@6.5.0 want: ^3 || ^4
1174 silly placeDep ROOT is-number@7.0.0 OK for: to-regex-range@5.0.1 want: ^7.0.0
1175 silly placeDep ROOT escalade@3.2.0 OK for: update-browserslist-db@1.2.3 want: ^3.2.0
1176 silly placeDep ROOT isexe@2.0.0 OK for: which@2.0.2 want: ^2.0.0
1177 silly placeDep node_modules/xml2js xmlbuilder@11.0.1 OK for: xml2js@0.5.0 want: ~11.0.0
1178 silly placeDep ROOT buffer-crc32@0.2.13 OK for: yauzl@2.10.0 want: ~0.2.3
1179 silly placeDep ROOT fd-slicer@1.1.0 OK for: yauzl@2.10.0 want: ~1.1.0
1180 silly fetch manifest pend@~1.2.0
1181 silly packumentCache full:https://registry.npmjs.org/pend cache-miss
1182 http fetch GET 200 https://registry.npmjs.org/pend 3ms (cache hit)
1183 silly packumentCache full:https://registry.npmjs.org/pend set size:8066 disposed:false
1184 silly placeDep ROOT pend@1.2.0 OK for: fd-slicer@1.1.0 want: ~1.2.0
1185 silly fetch manifest react@>=16.8
1186 silly packumentCache full:https://registry.npmjs.org/react cache-miss
1187 http fetch GET 200 https://registry.npmjs.org/react 16ms (cache hit)
1188 silly packumentCache full:https://registry.npmjs.org/react set size:6830011 disposed:false
1189 silly placeDep ROOT use-sync-external-store@1.6.0 OK for: zustand@4.5.7 want: ^1.2.2
1190 silly reify moves {}
1191 silly audit bulk request {
1191 silly audit   '@capacitor/cli': [ '5.7.8' ],
1191 silly audit   '@capacitor/core': [ '5.7.8' ],
1191 silly audit   '@capacitor/ios': [ '5.7.8' ],
1191 silly audit   '@capacitor/push-notifications': [ '5.1.2' ],
1191 silly audit   '@revenuecat/purchases-capacitor': [ '6.1.2' ],
1191 silly audit   '@supabase/ssr': [ '0.1.0' ],
1191 silly audit   '@supabase/supabase-js': [ '2.109.0' ],
1191 silly audit   '@types/node': [ '20.19.43' ],
1191 silly audit   '@types/react': [ '18.3.31' ],
1191 silly audit   '@types/react-dom': [ '18.3.7' ],
1191 silly audit   autoprefixer: [ '10.5.4' ],
1191 silly audit   postcss: [ '8.5.22', '8.4.31' ],
1191 silly audit   clsx: [ '2.1.1' ],
1191 silly audit   'lucide-react': [ '0.344.0' ],
1191 silly audit   react: [ '18.3.1' ],
1191 silly audit   next: [ '14.2.35' ],
1191 silly audit   'react-dom': [ '18.3.1' ],
1191 silly audit   'tailwind-merge': [ '2.6.1' ],
1191 silly audit   tailwindcss: [ '3.4.19' ],
1191 silly audit   typescript: [ '5.9.3' ],
1191 silly audit   zustand: [ '4.5.7' ],
1191 silly audit   '@ionic/cli-framework-output': [ '2.2.8' ],
1191 silly audit   '@ionic/utils-fs': [ '3.1.7' ],
1191 silly audit   '@ionic/utils-subprocess': [ '2.1.14' ],
1191 silly audit   '@ionic/utils-terminal': [ '2.3.5', '2.3.4' ],
1191 silly audit   commander: [ '9.5.0', '4.1.1' ],
1191 silly audit   debug: [ '4.4.3' ],
1191 silly audit   'env-paths': [ '2.2.1' ],
1191 silly audit   kleur: [ '4.1.5', '3.0.3' ],
1191 silly audit   'native-run': [ '2.0.3' ],
1191 silly audit   open: [ '8.4.2' ],
1191 silly audit   plist: [ '3.1.1' ],
1191 silly audit   prompts: [ '2.4.2' ],
1191 silly audit   rimraf: [ '4.4.1' ],
1191 silly audit   semver: [ '7.8.5' ],
1191 silly audit   tar: [ '6.2.1' ],
1191 silly audit   tslib: [ '2.8.1' ],
1191 silly audit   xml2js: [ '0.5.0' ],
1191 silly audit   '@types/fs-extra': [ '8.1.5' ],
1191 silly audit   'fs-extra': [ '9.1.0' ],
1191 silly audit   '@ionic/utils-array': [ '2.1.6' ],
1191 silly audit   '@ionic/utils-process': [ '2.1.11' ],
1191 silly audit   '@ionic/utils-stream': [ '3.1.6' ],
1191 silly audit   'cross-spawn': [ '7.0.6' ],
1191 silly audit   '@ionic/utils-object': [ '2.1.6' ],
1191 silly audit   'signal-exit': [ '3.0.7' ],
1191 silly audit   'tree-kill': [ '1.2.2' ],
1191 silly audit   '@types/slice-ansi': [ '4.0.0' ],
1191 silly audit   'slice-ansi': [ '4.0.0' ],
1191 silly audit   'string-width': [ '4.2.3' ],
1191 silly audit   'strip-ansi': [ '6.0.1' ],
1191 silly audit   untildify: [ '4.0.0' ],
1191 silly audit   'wrap-ansi': [ '7.0.0' ],
1191 silly audit   '@revenuecat/purchases-typescript-internal-esm': [ '6.3.2' ],
1191 silly audit   cookie: [ '0.5.0' ],
1191 silly audit   ramda: [ '0.29.1' ],
1191 silly audit   '@supabase/auth-js': [ '2.109.0' ],
1191 silly audit   '@supabase/functions-js': [ '2.109.0' ],
1191 silly audit   '@supabase/postgrest-js': [ '2.109.0' ],
1191 silly audit   '@supabase/realtime-js': [ '2.109.0' ],
1191 silly audit   '@supabase/storage-js': [ '2.109.0' ],
1191 silly audit   '@supabase/phoenix': [ '0.4.4' ],
1191 silly audit   'iceberg-js': [ '0.8.1' ],
1191 silly audit   'undici-types': [ '6.21.0' ],
1191 silly audit   '@types/prop-types': [ '15.7.15' ],
1191 silly audit   csstype: [ '3.2.3' ],
1191 silly audit   browserslist: [ '4.28.7' ],
1191 silly audit   'caniuse-lite': [ '1.0.30001806' ],
1191 silly audit   'fraction.js': [ '5.3.4' ],
1191 silly audit   picocolors: [ '1.1.1' ],
1191 silly audit   'postcss-value-parser': [ '4.2.0' ],
1191 silly audit   'baseline-browser-mapping': [ '2.11.1' ],
1191 silly audit   'electron-to-chromium': [ '1.5.396' ],
1191 silly audit   'node-releases': [ '2.0.51' ],
1191 silly audit   'update-browserslist-db': [ '1.2.3' ],
1191 silly audit   'path-key': [ '3.1.1' ],
1191 silly audit   'shebang-command': [ '2.0.0' ],
1191 silly audit   which: [ '2.0.2' ],
1191 silly audit   ms: [ '2.1.3' ],
1191 silly audit   'at-least-node': [ '1.0.0' ],
1191 silly audit   'graceful-fs': [ '4.2.11' ],
1191 silly audit   jsonfile: [ '6.2.1' ],
1191 silly audit   universalify: [ '2.0.1' ],
1191 silly audit   'bplist-parser': [ '0.3.2' ],
1191 silly audit   elementtree: [ '0.1.7' ],
1191 silly audit   ini: [ '4.1.3' ],
1191 silly audit   split2: [ '4.2.0' ],
1191 silly audit   through2: [ '4.0.2' ],
1191 silly audit   yauzl: [ '2.10.0' ],
1191 silly audit   'big-integer': [ '1.6.52' ],
1191 silly audit   sax: [ '1.1.4' ],
1191 silly audit   '@next/env': [ '14.2.35' ],
1191 silly audit   '@next/swc-darwin-arm64': [ '14.2.33' ],
1191 silly audit   '@next/swc-darwin-x64': [ '14.2.33' ],
1191 silly audit   '@next/swc-linux-arm64-gnu': [ '14.2.33' ],
1191 silly audit   '@next/swc-linux-arm64-musl': [ '14.2.33' ],
1191 silly audit   '@next/swc-linux-x64-gnu': [ '14.2.33' ],
1191 silly audit   '@next/swc-linux-x64-musl': [ '14.2.33' ],
1191 silly audit   '@next/swc-win32-arm64-msvc': [ '14.2.33' ],
1191 silly audit   '@next/swc-win32-ia32-msvc': [ '14.2.33' ],
1191 silly audit   '@next/swc-win32-x64-msvc': [ '14.2.33' ],
1191 silly audit   '@swc/helpers': [ '0.5.5' ],
1191 silly audit   busboy: [ '1.6.0' ],
1191 silly audit   'styled-jsx': [ '5.1.1' ],
1191 silly audit   '@swc/counter': [ '0.1.3' ],
1191 silly audit   streamsearch: [ '1.1.0' ],
1191 silly audit   'define-lazy-prop': [ '2.0.0' ],
1191 silly audit   'is-docker': [ '2.2.1' ],
1191 silly audit   'is-wsl': [ '2.2.0' ],
1191 silly audit   '@xmldom/xmldom': [ '0.9.10' ],
1191 silly audit   'base64-js': [ '1.5.1' ],
1191 silly audit   xmlbuilder: [ '15.1.1', '11.0.1' ],
1191 silly audit   nanoid: [ '3.3.16' ],
1191 silly audit   'source-map-js': [ '1.2.1' ],
1191 silly audit   sisteransi: [ '1.0.5' ],
1191 silly audit   'loose-envify': [ '1.4.0' ],
1191 silly audit   'js-tokens': [ '4.0.0' ],
1191 silly audit   scheduler: [ '0.23.2' ],
1191 silly audit   glob: [ '9.3.5' ],
1191 silly audit   'fs.realpath': [ '1.0.0' ],
1191 silly audit   minimatch: [ '8.0.7' ],
1191 silly audit   minipass: [ '4.2.8', '7.1.3', '5.0.0', '3.3.6' ],
1191 silly audit   'path-scurry': [ '1.11.1' ],
1191 silly audit   'brace-expansion': [ '2.1.2' ],
1191 silly audit   'balanced-match': [ '1.0.2' ],
1191 silly audit   'lru-cache': [ '10.4.3' ],
1191 silly audit   'shebang-regex': [ '3.0.0' ],
1191 silly audit   'ansi-styles': [ '4.3.0' ],
1191 silly audit   'astral-regex': [ '2.0.0' ],
1191 silly audit   'is-fullwidth-code-point': [ '3.0.0' ],
1191 silly audit   'color-convert': [ '2.0.1' ],
1191 silly audit   'color-name': [ '1.1.4' ],
1191 silly audit   'emoji-regex': [ '8.0.0' ],
1191 silly audit   'ansi-regex': [ '5.0.1' ],
1191 silly audit   'client-only': [ '0.0.1' ],
1191 silly audit   '@alloc/quick-lru': [ '5.2.0' ],
1191 silly audit   arg: [ '5.0.2' ],
1191 silly audit   chokidar: [ '3.6.0' ],
1191 silly audit   didyoumean: [ '1.2.2' ],
1191 silly audit   dlv: [ '1.1.3' ],
1191 silly audit   'fast-glob': [ '3.3.3' ],
1191 silly audit   'glob-parent': [ '6.0.2', '5.1.2' ],
1191 silly audit   'is-glob': [ '4.0.3' ],
1191 silly audit   jiti: [ '1.21.7' ],
1191 silly audit   lilconfig: [ '3.1.3' ],
1191 silly audit   micromatch: [ '4.0.8' ],
1191 silly audit   'normalize-path': [ '3.0.0' ],
1191 silly audit   'object-hash': [ '3.0.0' ],
1191 silly audit   'postcss-import': [ '15.1.0' ],
1191 silly audit   'postcss-js': [ '4.1.0' ],
1191 silly audit   'postcss-load-config': [ '6.0.1' ],
1191 silly audit   'postcss-nested': [ '6.2.0' ],
1191 silly audit   'postcss-selector-parser': [ '6.1.4' ],
1191 silly audit   resolve: [ '1.22.12' ],
1191 silly audit   sucrase: [ '3.35.1' ],
1191 silly audit   anymatch: [ '3.1.3' ],
1191 silly audit   braces: [ '3.0.3' ],
1191 silly audit   fsevents: [ '2.3.3' ],
1191 silly audit   'is-binary-path': [ '2.1.0' ],
1191 silly audit   readdirp: [ '3.6.0' ],
1191 silly audit   picomatch: [ '2.3.2', '4.0.5' ],
1191 silly audit   'fill-range': [ '7.1.1' ],
1191 silly audit   '@nodelib/fs.stat': [ '2.0.5' ],
1191 silly audit   '@nodelib/fs.walk': [ '1.2.8' ],
1191 silly audit   merge2: [ '1.4.1' ],
1191 silly audit   '@nodelib/fs.scandir': [ '2.1.5' ],
1191 silly audit   fastq: [ '1.20.1' ],
1191 silly audit   'run-parallel': [ '1.2.0' ],
1191 silly audit   reusify: [ '1.1.0' ],
1191 silly audit   'to-regex-range': [ '5.0.1' ],
1191 silly audit   'binary-extensions': [ '2.3.0' ],
1191 silly audit   'is-extglob': [ '2.1.1' ],
1191 silly audit   'read-cache': [ '1.0.0' ],
1191 silly audit   'camelcase-css': [ '2.0.1' ],
1191 silly audit   cssesc: [ '3.0.0' ],
1191 silly audit   'util-deprecate': [ '1.0.2' ],
1191 silly audit   pify: [ '2.3.0' ],
1191 silly audit   'es-errors': [ '1.3.0' ],
1191 silly audit   'is-core-module': [ '2.16.2' ],
1191 silly audit   'path-parse': [ '1.0.7' ],
1191 silly audit   'supports-preserve-symlinks-flag': [ '1.0.0' ],
1191 silly audit   hasown: [ '2.0.4' ],
1191 silly audit   'function-bind': [ '1.1.2' ],
1191 silly audit   'queue-microtask': [ '1.2.3' ],
1191 silly audit   '@jridgewell/gen-mapping': [ '0.3.13' ],
1191 silly audit   'lines-and-columns': [ '1.2.4' ],
1191 silly audit   mz: [ '2.7.0' ],
1191 silly audit   pirates: [ '4.0.7' ],
1191 silly audit   tinyglobby: [ '0.2.17' ],
1191 silly audit   'ts-interface-checker': [ '0.1.13' ],
1191 silly audit   '@jridgewell/sourcemap-codec': [ '1.5.5' ],
1191 silly audit   '@jridgewell/trace-mapping': [ '0.3.31' ],
1191 silly audit   '@jridgewell/resolve-uri': [ '3.1.2' ],
1191 silly audit   'any-promise': [ '1.3.0' ],
1191 silly audit   'object-assign': [ '4.1.1' ],
1191 silly audit   'thenify-all': [ '1.6.0' ],
1191 silly audit   chownr: [ '2.0.0' ],
1191 silly audit   'fs-minipass': [ '2.1.0' ],
1191 silly audit   minizlib: [ '2.1.2' ],
1191 silly audit   mkdirp: [ '1.0.4' ],
1191 silly audit   yallist: [ '4.0.0' ],
1191 silly audit   thenify: [ '3.3.1' ],
1191 silly audit   'readable-stream': [ '3.6.2' ],
1191 silly audit   inherits: [ '2.0.4' ],
1191 silly audit   string_decoder: [ '1.3.0' ],
1191 silly audit   'safe-buffer': [ '5.2.1' ],
1191 silly audit   fdir: [ '6.5.0' ],
1191 silly audit   'is-number': [ '7.0.0' ],
1191 silly audit   escalade: [ '3.2.0' ],
1191 silly audit   isexe: [ '2.0.0' ],
1191 silly audit   'buffer-crc32': [ '0.2.13' ],
1191 silly audit   'fd-slicer': [ '1.1.0' ],
1191 silly audit   pend: [ '1.2.0' ],
1191 silly audit   'use-sync-external-store': [ '1.6.0' ]
1191 silly audit }
1192 verbose reify failed optional dependency /home/user/node_modules/fsevents
1193 silly reify mark deleted [ '/home/user/node_modules/fsevents' ]
1194 verbose reify failed optional dependency /home/user/node_modules/@next/swc-win32-x64-msvc
1195 silly reify mark deleted [ '/home/user/node_modules/@next/swc-win32-x64-msvc' ]
1196 verbose reify failed optional dependency /home/user/node_modules/@next/swc-win32-ia32-msvc
1197 silly reify mark deleted [ '/home/user/node_modules/@next/swc-win32-ia32-msvc' ]
1198 verbose reify failed optional dependency /home/user/node_modules/@next/swc-win32-arm64-msvc
1199 silly reify mark deleted [ '/home/user/node_modules/@next/swc-win32-arm64-msvc' ]
1200 verbose reify failed optional dependency /home/user/node_modules/@next/swc-linux-x64-musl
1201 silly reify mark deleted [ '/home/user/node_modules/@next/swc-linux-x64-musl' ]
1202 verbose reify failed optional dependency /home/user/node_modules/@next/swc-linux-arm64-musl
1203 silly reify mark deleted [ '/home/user/node_modules/@next/swc-linux-arm64-musl' ]
1204 verbose reify failed optional dependency /home/user/node_modules/@next/swc-linux-arm64-gnu
1205 silly reify mark deleted [ '/home/user/node_modules/@next/swc-linux-arm64-gnu' ]
1206 verbose reify failed optional dependency /home/user/node_modules/@next/swc-darwin-x64
1207 silly reify mark deleted [ '/home/user/node_modules/@next/swc-darwin-x64' ]
1208 verbose reify failed optional dependency /home/user/node_modules/@next/swc-darwin-arm64
1209 silly reify mark deleted [ '/home/user/node_modules/@next/swc-darwin-arm64' ]
1210 silly tarball no local data for pend@https://registry.npmjs.org/pend/-/pend-1.2.0.tgz. Extracting by manifest.
1211 silly tarball no local data for fd-slicer@https://registry.npmjs.org/fd-slicer/-/fd-slicer-1.1.0.tgz. Extracting by manifest.
1212 silly tarball no local data for buffer-crc32@https://registry.npmjs.org/buffer-crc32/-/buffer-crc32-0.2.13.tgz. Extracting by manifest.
1213 silly tarball no local data for isexe@https://registry.npmjs.org/isexe/-/isexe-2.0.0.tgz. Extracting by manifest.
1214 silly tarball no local data for escalade@https://registry.npmjs.org/escalade/-/escalade-3.2.0.tgz. Extracting by manifest.
1215 silly tarball no local data for is-number@https://registry.npmjs.org/is-number/-/is-number-7.0.0.tgz. Extracting by manifest.
1216 silly tarball no local data for safe-buffer@https://registry.npmjs.org/safe-buffer/-/safe-buffer-5.2.1.tgz. Extracting by manifest.
1217 silly tarball no local data for string_decoder@https://registry.npmjs.org/string_decoder/-/string_decoder-1.3.0.tgz. Extracting by manifest.
1218 silly tarball no local data for inherits@https://registry.npmjs.org/inherits/-/inherits-2.0.4.tgz. Extracting by manifest.
1219 silly tarball no local data for readable-stream@https://registry.npmjs.org/readable-stream/-/readable-stream-3.6.2.tgz. Extracting by manifest.
1220 silly tarball no local data for thenify@https://registry.npmjs.org/thenify/-/thenify-3.3.1.tgz. Extracting by manifest.
1221 silly tarball no local data for yallist@https://registry.npmjs.org/yallist/-/yallist-4.0.0.tgz. Extracting by manifest.
1222 silly tarball no local data for mkdirp@https://registry.npmjs.org/mkdirp/-/mkdirp-1.0.4.tgz. Extracting by manifest.
1223 silly tarball no local data for minizlib@https://registry.npmjs.org/minizlib/-/minizlib-2.1.2.tgz. Extracting by manifest.
1224 silly tarball no local data for fs-minipass@https://registry.npmjs.org/fs-minipass/-/fs-minipass-2.1.0.tgz. Extracting by manifest.
1225 silly tarball no local data for chownr@https://registry.npmjs.org/chownr/-/chownr-2.0.0.tgz. Extracting by manifest.
1226 silly tarball no local data for thenify-all@https://registry.npmjs.org/thenify-all/-/thenify-all-1.6.0.tgz. Extracting by manifest.
1227 silly tarball no local data for object-assign@https://registry.npmjs.org/object-assign/-/object-assign-4.1.1.tgz. Extracting by manifest.
1228 silly tarball no local data for any-promise@https://registry.npmjs.org/any-promise/-/any-promise-1.3.0.tgz. Extracting by manifest.
1229 silly tarball no local data for @jridgewell/resolve-uri@https://registry.npmjs.org/@jridgewell/resolve-uri/-/resolve-uri-3.1.2.tgz. Extracting by manifest.
1230 silly tarball no local data for @jridgewell/trace-mapping@https://registry.npmjs.org/@jridgewell/trace-mapping/-/trace-mapping-0.3.31.tgz. Extracting by manifest.
1231 silly tarball no local data for @jridgewell/sourcemap-codec@https://registry.npmjs.org/@jridgewell/sourcemap-codec/-/sourcemap-codec-1.5.5.tgz. Extracting by manifest.
1232 silly tarball no local data for ts-interface-checker@https://registry.npmjs.org/ts-interface-checker/-/ts-interface-checker-0.1.13.tgz. Extracting by manifest.
1233 silly tarball no local data for tinyglobby@https://registry.npmjs.org/tinyglobby/-/tinyglobby-0.2.17.tgz. Extracting by manifest.
1234 silly tarball no local data for pirates@https://registry.npmjs.org/pirates/-/pirates-4.0.7.tgz. Extracting by manifest.
1235 silly tarball no local data for mz@https://registry.npmjs.org/mz/-/mz-2.7.0.tgz. Extracting by manifest.
1236 silly tarball no local data for lines-and-columns@https://registry.npmjs.org/lines-and-columns/-/lines-and-columns-1.2.4.tgz. Extracting by manifest.
1237 silly tarball no local data for @jridgewell/gen-mapping@https://registry.npmjs.org/@jridgewell/gen-mapping/-/gen-mapping-0.3.13.tgz. Extracting by manifest.
1238 silly tarball no local data for queue-microtask@https://registry.npmjs.org/queue-microtask/-/queue-microtask-1.2.3.tgz. Extracting by manifest.
1239 silly tarball no local data for function-bind@https://registry.npmjs.org/function-bind/-/function-bind-1.1.2.tgz. Extracting by manifest.
1240 silly tarball no local data for hasown@https://registry.npmjs.org/hasown/-/hasown-2.0.4.tgz. Extracting by manifest.
1241 silly tarball no local data for supports-preserve-symlinks-flag@https://registry.npmjs.org/supports-preserve-symlinks-flag/-/supports-preserve-symlinks-flag-1.0.0.tgz. Extracting by manifest.
1242 silly tarball no local data for path-parse@https://registry.npmjs.org/path-parse/-/path-parse-1.0.7.tgz. Extracting by manifest.
1243 silly tarball no local data for is-core-module@https://registry.npmjs.org/is-core-module/-/is-core-module-2.16.2.tgz. Extracting by manifest.
1244 silly tarball no local data for es-errors@https://registry.npmjs.org/es-errors/-/es-errors-1.3.0.tgz. Extracting by manifest.
1245 silly tarball no local data for pify@https://registry.npmjs.org/pify/-/pify-2.3.0.tgz. Extracting by manifest.
1246 silly tarball no local data for util-deprecate@https://registry.npmjs.org/util-deprecate/-/util-deprecate-1.0.2.tgz. Extracting by manifest.
1247 silly tarball no local data for cssesc@https://registry.npmjs.org/cssesc/-/cssesc-3.0.0.tgz. Extracting by manifest.
1248 silly tarball no local data for camelcase-css@https://registry.npmjs.org/camelcase-css/-/camelcase-css-2.0.1.tgz. Extracting by manifest.
1249 silly tarball no local data for read-cache@https://registry.npmjs.org/read-cache/-/read-cache-1.0.0.tgz. Extracting by manifest.
1250 silly tarball no local data for is-extglob@https://registry.npmjs.org/is-extglob/-/is-extglob-2.1.1.tgz. Extracting by manifest.
1251 silly tarball no local data for binary-extensions@https://registry.npmjs.org/binary-extensions/-/binary-extensions-2.3.0.tgz. Extracting by manifest.
1252 silly tarball no local data for to-regex-range@https://registry.npmjs.org/to-regex-range/-/to-regex-range-5.0.1.tgz. Extracting by manifest.
1253 silly tarball no local data for reusify@https://registry.npmjs.org/reusify/-/reusify-1.1.0.tgz. Extracting by manifest.
1254 silly tarball no local data for run-parallel@https://registry.npmjs.org/run-parallel/-/run-parallel-1.2.0.tgz. Extracting by manifest.
1255 silly tarball no local data for fastq@https://registry.npmjs.org/fastq/-/fastq-1.20.1.tgz. Extracting by manifest.
1256 silly tarball no local data for @nodelib/fs.scandir@https://registry.npmjs.org/@nodelib/fs.scandir/-/fs.scandir-2.1.5.tgz. Extracting by manifest.
1257 silly tarball no local data for merge2@https://registry.npmjs.org/merge2/-/merge2-1.4.1.tgz. Extracting by manifest.
1258 silly tarball no local data for @nodelib/fs.walk@https://registry.npmjs.org/@nodelib/fs.walk/-/fs.walk-1.2.8.tgz. Extracting by manifest.
1259 silly tarball no local data for @nodelib/fs.stat@https://registry.npmjs.org/@nodelib/fs.stat/-/fs.stat-2.0.5.tgz. Extracting by manifest.
1260 silly tarball no local data for fill-range@https://registry.npmjs.org/fill-range/-/fill-range-7.1.1.tgz. Extracting by manifest.
1261 silly tarball no local data for picomatch@https://registry.npmjs.org/picomatch/-/picomatch-2.3.2.tgz. Extracting by manifest.
1262 silly tarball no local data for readdirp@https://registry.npmjs.org/readdirp/-/readdirp-3.6.0.tgz. Extracting by manifest.
1263 silly tarball no local data for is-binary-path@https://registry.npmjs.org/is-binary-path/-/is-binary-path-2.1.0.tgz. Extracting by manifest.
1264 silly tarball no local data for braces@https://registry.npmjs.org/braces/-/braces-3.0.3.tgz. Extracting by manifest.
1265 silly tarball no local data for anymatch@https://registry.npmjs.org/anymatch/-/anymatch-3.1.3.tgz. Extracting by manifest.
1266 silly tarball no local data for sucrase@https://registry.npmjs.org/sucrase/-/sucrase-3.35.1.tgz. Extracting by manifest.
1267 silly tarball no local data for resolve@https://registry.npmjs.org/resolve/-/resolve-1.22.12.tgz. Extracting by manifest.
1268 silly tarball no local data for postcss-selector-parser@https://registry.npmjs.org/postcss-selector-parser/-/postcss-selector-parser-6.1.4.tgz. Extracting by manifest.
1269 silly tarball no local data for postcss-nested@https://registry.npmjs.org/postcss-nested/-/postcss-nested-6.2.0.tgz. Extracting by manifest.
1270 silly tarball no local data for postcss-load-config@https://registry.npmjs.org/postcss-load-config/-/postcss-load-config-6.0.1.tgz. Extracting by manifest.
1271 silly tarball no local data for postcss-js@https://registry.npmjs.org/postcss-js/-/postcss-js-4.1.0.tgz. Extracting by manifest.
1272 silly tarball no local data for postcss-import@https://registry.npmjs.org/postcss-import/-/postcss-import-15.1.0.tgz. Extracting by manifest.
1273 silly tarball no local data for object-hash@https://registry.npmjs.org/object-hash/-/object-hash-3.0.0.tgz. Extracting by manifest.
1274 silly tarball no local data for normalize-path@https://registry.npmjs.org/normalize-path/-/normalize-path-3.0.0.tgz. Extracting by manifest.
1275 silly tarball no local data for micromatch@https://registry.npmjs.org/micromatch/-/micromatch-4.0.8.tgz. Extracting by manifest.
1276 silly tarball no local data for lilconfig@https://registry.npmjs.org/lilconfig/-/lilconfig-3.1.3.tgz. Extracting by manifest.
1277 silly tarball no local data for jiti@https://registry.npmjs.org/jiti/-/jiti-1.21.7.tgz. Extracting by manifest.
1278 silly tarball no local data for is-glob@https://registry.npmjs.org/is-glob/-/is-glob-4.0.3.tgz. Extracting by manifest.
1279 silly tarball no local data for glob-parent@https://registry.npmjs.org/glob-parent/-/glob-parent-6.0.2.tgz. Extracting by manifest.
1280 silly tarball no local data for fast-glob@https://registry.npmjs.org/fast-glob/-/fast-glob-3.3.3.tgz. Extracting by manifest.
1281 silly tarball no local data for dlv@https://registry.npmjs.org/dlv/-/dlv-1.1.3.tgz. Extracting by manifest.
1282 silly tarball no local data for didyoumean@https://registry.npmjs.org/didyoumean/-/didyoumean-1.2.2.tgz. Extracting by manifest.
1283 silly tarball no local data for chokidar@https://registry.npmjs.org/chokidar/-/chokidar-3.6.0.tgz. Extracting by manifest.
1284 silly tarball no local data for arg@https://registry.npmjs.org/arg/-/arg-5.0.2.tgz. Extracting by manifest.
1285 silly tarball no local data for @alloc/quick-lru@https://registry.npmjs.org/@alloc/quick-lru/-/quick-lru-5.2.0.tgz. Extracting by manifest.
1286 silly tarball no local data for client-only@https://registry.npmjs.org/client-only/-/client-only-0.0.1.tgz. Extracting by manifest.
1287 silly tarball no local data for ansi-regex@https://registry.npmjs.org/ansi-regex/-/ansi-regex-5.0.1.tgz. Extracting by manifest.
1288 silly tarball no local data for emoji-regex@https://registry.npmjs.org/emoji-regex/-/emoji-regex-8.0.0.tgz. Extracting by manifest.
1289 silly tarball no local data for color-name@https://registry.npmjs.org/color-name/-/color-name-1.1.4.tgz. Extracting by manifest.
1290 silly tarball no local data for color-convert@https://registry.npmjs.org/color-convert/-/color-convert-2.0.1.tgz. Extracting by manifest.
1291 silly tarball no local data for is-fullwidth-code-point@https://registry.npmjs.org/is-fullwidth-code-point/-/is-fullwidth-code-point-3.0.0.tgz. Extracting by manifest.
1292 silly tarball no local data for astral-regex@https://registry.npmjs.org/astral-regex/-/astral-regex-2.0.0.tgz. Extracting by manifest.
1293 silly tarball no local data for ansi-styles@https://registry.npmjs.org/ansi-styles/-/ansi-styles-4.3.0.tgz. Extracting by manifest.
1294 silly tarball no local data for shebang-regex@https://registry.npmjs.org/shebang-regex/-/shebang-regex-3.0.0.tgz. Extracting by manifest.
1295 silly tarball no local data for lru-cache@https://registry.npmjs.org/lru-cache/-/lru-cache-10.4.3.tgz. Extracting by manifest.
1296 silly tarball no local data for balanced-match@https://registry.npmjs.org/balanced-match/-/balanced-match-1.0.2.tgz. Extracting by manifest.
1297 silly tarball no local data for brace-expansion@https://registry.npmjs.org/brace-expansion/-/brace-expansion-2.1.2.tgz. Extracting by manifest.
1298 silly tarball no local data for path-scurry@https://registry.npmjs.org/path-scurry/-/path-scurry-1.11.1.tgz. Extracting by manifest.
1299 silly tarball no local data for minipass@https://registry.npmjs.org/minipass/-/minipass-4.2.8.tgz. Extracting by manifest.
1300 silly tarball no local data for minimatch@https://registry.npmjs.org/minimatch/-/minimatch-8.0.7.tgz. Extracting by manifest.
1301 silly tarball no local data for fs.realpath@https://registry.npmjs.org/fs.realpath/-/fs.realpath-1.0.0.tgz. Extracting by manifest.
1302 silly tarball no local data for glob@https://registry.npmjs.org/glob/-/glob-9.3.5.tgz. Extracting by manifest.
1303 silly tarball no local data for scheduler@https://registry.npmjs.org/scheduler/-/scheduler-0.23.2.tgz. Extracting by manifest.
1304 silly tarball no local data for js-tokens@https://registry.npmjs.org/js-tokens/-/js-tokens-4.0.0.tgz. Extracting by manifest.
1305 silly tarball no local data for loose-envify@https://registry.npmjs.org/loose-envify/-/loose-envify-1.4.0.tgz. Extracting by manifest.
1306 silly tarball no local data for sisteransi@https://registry.npmjs.org/sisteransi/-/sisteransi-1.0.5.tgz. Extracting by manifest.
1307 silly tarball no local data for source-map-js@https://registry.npmjs.org/source-map-js/-/source-map-js-1.2.1.tgz. Extracting by manifest.
1308 silly tarball no local data for nanoid@https://registry.npmjs.org/nanoid/-/nanoid-3.3.16.tgz. Extracting by manifest.
1309 silly tarball no local data for xmlbuilder@https://registry.npmjs.org/xmlbuilder/-/xmlbuilder-15.1.1.tgz. Extracting by manifest.
1310 silly tarball no local data for base64-js@https://registry.npmjs.org/base64-js/-/base64-js-1.5.1.tgz. Extracting by manifest.
1311 silly tarball no local data for @xmldom/xmldom@https://registry.npmjs.org/@xmldom/xmldom/-/xmldom-0.9.10.tgz. Extracting by manifest.
1312 silly tarball no local data for is-wsl@https://registry.npmjs.org/is-wsl/-/is-wsl-2.2.0.tgz. Extracting by manifest.
1313 silly tarball no local data for is-docker@https://registry.npmjs.org/is-docker/-/is-docker-2.2.1.tgz. Extracting by manifest.
1314 silly tarball no local data for define-lazy-prop@https://registry.npmjs.org/define-lazy-prop/-/define-lazy-prop-2.0.0.tgz. Extracting by manifest.
1315 silly tarball no local data for streamsearch@https://registry.npmjs.org/streamsearch/-/streamsearch-1.1.0.tgz. Extracting by manifest.
1316 silly tarball no local data for @swc/counter@https://registry.npmjs.org/@swc/counter/-/counter-0.1.3.tgz. Extracting by manifest.
1317 silly tarball no local data for styled-jsx@https://registry.npmjs.org/styled-jsx/-/styled-jsx-5.1.1.tgz. Extracting by manifest.
1318 silly tarball no local data for busboy@https://registry.npmjs.org/busboy/-/busboy-1.6.0.tgz. Extracting by manifest.
1319 silly tarball no local data for @swc/helpers@https://registry.npmjs.org/@swc/helpers/-/helpers-0.5.5.tgz. Extracting by manifest.
1320 silly tarball no local data for @next/swc-linux-x64-gnu@https://registry.npmjs.org/@next/swc-linux-x64-gnu/-/swc-linux-x64-gnu-14.2.33.tgz. Extracting by manifest.
1321 silly tarball no local data for @next/env@https://registry.npmjs.org/@next/env/-/env-14.2.35.tgz. Extracting by manifest.
1322 silly tarball no local data for sax@https://registry.npmjs.org/sax/-/sax-1.1.4.tgz. Extracting by manifest.
1323 silly tarball no local data for big-integer@https://registry.npmjs.org/big-integer/-/big-integer-1.6.52.tgz. Extracting by manifest.
1324 silly tarball no local data for yauzl@https://registry.npmjs.org/yauzl/-/yauzl-2.10.0.tgz. Extracting by manifest.
1325 silly tarball no local data for through2@https://registry.npmjs.org/through2/-/through2-4.0.2.tgz. Extracting by manifest.
1326 silly tarball no local data for split2@https://registry.npmjs.org/split2/-/split2-4.2.0.tgz. Extracting by manifest.
1327 silly tarball no local data for ini@https://registry.npmjs.org/ini/-/ini-4.1.3.tgz. Extracting by manifest.
1328 silly tarball no local data for elementtree@https://registry.npmjs.org/elementtree/-/elementtree-0.1.7.tgz. Extracting by manifest.
1329 silly tarball no local data for bplist-parser@https://registry.npmjs.org/bplist-parser/-/bplist-parser-0.3.2.tgz. Extracting by manifest.
1330 silly tarball no local data for universalify@https://registry.npmjs.org/universalify/-/universalify-2.0.1.tgz. Extracting by manifest.
1331 silly tarball no local data for jsonfile@https://registry.npmjs.org/jsonfile/-/jsonfile-6.2.1.tgz. Extracting by manifest.
1332 silly tarball no local data for graceful-fs@https://registry.npmjs.org/graceful-fs/-/graceful-fs-4.2.11.tgz. Extracting by manifest.
1333 silly tarball no local data for at-least-node@https://registry.npmjs.org/at-least-node/-/at-least-node-1.0.0.tgz. Extracting by manifest.
1334 silly tarball no local data for ms@https://registry.npmjs.org/ms/-/ms-2.1.3.tgz. Extracting by manifest.
1335 silly tarball no local data for which@https://registry.npmjs.org/which/-/which-2.0.2.tgz. Extracting by manifest.
1336 silly tarball no local data for shebang-command@https://registry.npmjs.org/shebang-command/-/shebang-command-2.0.0.tgz. Extracting by manifest.
1337 silly tarball no local data for path-key@https://registry.npmjs.org/path-key/-/path-key-3.1.1.tgz. Extracting by manifest.
1338 silly tarball no local data for update-browserslist-db@https://registry.npmjs.org/update-browserslist-db/-/update-browserslist-db-1.2.3.tgz. Extracting by manifest.
1339 silly tarball no local data for node-releases@https://registry.npmjs.org/node-releases/-/node-releases-2.0.51.tgz. Extracting by manifest.
1340 silly tarball no local data for electron-to-chromium@https://registry.npmjs.org/electron-to-chromium/-/electron-to-chromium-1.5.396.tgz. Extracting by manifest.
1341 silly tarball no local data for baseline-browser-mapping@https://registry.npmjs.org/baseline-browser-mapping/-/baseline-browser-mapping-2.11.1.tgz. Extracting by manifest.
1342 silly tarball no local data for postcss-value-parser@https://registry.npmjs.org/postcss-value-parser/-/postcss-value-parser-4.2.0.tgz. Extracting by manifest.
1343 silly tarball no local data for picocolors@https://registry.npmjs.org/picocolors/-/picocolors-1.1.1.tgz. Extracting by manifest.
1344 silly tarball no local data for fraction.js@https://registry.npmjs.org/fraction.js/-/fraction.js-5.3.4.tgz. Extracting by manifest.
1345 silly tarball no local data for caniuse-lite@https://registry.npmjs.org/caniuse-lite/-/caniuse-lite-1.0.30001806.tgz. Extracting by manifest.
1346 silly tarball no local data for browserslist@https://registry.npmjs.org/browserslist/-/browserslist-4.28.7.tgz. Extracting by manifest.
1347 silly tarball no local data for csstype@https://registry.npmjs.org/csstype/-/csstype-3.2.3.tgz. Extracting by manifest.
1348 silly tarball no local data for @types/prop-types@https://registry.npmjs.org/@types/prop-types/-/prop-types-15.7.15.tgz. Extracting by manifest.
1349 silly tarball no local data for undici-types@https://registry.npmjs.org/undici-types/-/undici-types-6.21.0.tgz. Extracting by manifest.
1350 silly tarball no local data for iceberg-js@https://registry.npmjs.org/iceberg-js/-/iceberg-js-0.8.1.tgz. Extracting by manifest.
1351 silly tarball no local data for @supabase/phoenix@https://registry.npmjs.org/@supabase/phoenix/-/phoenix-0.4.4.tgz. Extracting by manifest.
1352 silly tarball no local data for @supabase/storage-js@https://registry.npmjs.org/@supabase/storage-js/-/storage-js-2.109.0.tgz. Extracting by manifest.
1353 silly tarball no local data for @supabase/realtime-js@https://registry.npmjs.org/@supabase/realtime-js/-/realtime-js-2.109.0.tgz. Extracting by manifest.
1354 silly tarball no local data for @supabase/postgrest-js@https://registry.npmjs.org/@supabase/postgrest-js/-/postgrest-js-2.109.0.tgz. Extracting by manifest.
1355 silly tarball no local data for @supabase/functions-js@https://registry.npmjs.org/@supabase/functions-js/-/functions-js-2.109.0.tgz. Extracting by manifest.
1356 silly tarball no local data for @supabase/auth-js@https://registry.npmjs.org/@supabase/auth-js/-/auth-js-2.109.0.tgz. Extracting by manifest.
1357 silly tarball no local data for ramda@https://registry.npmjs.org/ramda/-/ramda-0.29.1.tgz. Extracting by manifest.
1358 silly tarball no local data for cookie@https://registry.npmjs.org/cookie/-/cookie-0.5.0.tgz. Extracting by manifest.
1359 silly tarball no local data for @revenuecat/purchases-typescript-internal-esm@https://registry.npmjs.org/@revenuecat/purchases-typescript-internal-esm/-/purchases-typescript-internal-esm-6.3.2.tgz. Extracting by manifest.
1360 silly tarball no local data for wrap-ansi@https://registry.npmjs.org/wrap-ansi/-/wrap-ansi-7.0.0.tgz. Extracting by manifest.
1361 silly tarball no local data for untildify@https://registry.npmjs.org/untildify/-/untildify-4.0.0.tgz. Extracting by manifest.
1362 silly tarball no local data for strip-ansi@https://registry.npmjs.org/strip-ansi/-/strip-ansi-6.0.1.tgz. Extracting by manifest.
1363 silly tarball no local data for slice-ansi@https://registry.npmjs.org/slice-ansi/-/slice-ansi-4.0.0.tgz. Extracting by manifest.
1364 silly tarball no local data for @types/slice-ansi@https://registry.npmjs.org/@types/slice-ansi/-/slice-ansi-4.0.0.tgz. Extracting by manifest.
1365 silly tarball no local data for string-width@https://registry.npmjs.org/string-width/-/string-width-4.2.3.tgz. Extracting by manifest.
1366 silly tarball no local data for tree-kill@https://registry.npmjs.org/tree-kill/-/tree-kill-1.2.2.tgz. Extracting by manifest.
1367 silly tarball no local data for signal-exit@https://registry.npmjs.org/signal-exit/-/signal-exit-3.0.7.tgz. Extracting by manifest.
1368 silly tarball no local data for @ionic/utils-object@https://registry.npmjs.org/@ionic/utils-object/-/utils-object-2.1.6.tgz. Extracting by manifest.
1369 silly tarball no local data for cross-spawn@https://registry.npmjs.org/cross-spawn/-/cross-spawn-7.0.6.tgz. Extracting by manifest.
1370 silly tarball no local data for @ionic/utils-stream@https://registry.npmjs.org/@ionic/utils-stream/-/utils-stream-3.1.6.tgz. Extracting by manifest.
1371 silly tarball no local data for use-sync-external-store@https://registry.npmjs.org/use-sync-external-store/-/use-sync-external-store-1.6.0.tgz. Extracting by manifest.
1372 silly tarball no local data for @ionic/utils-process@https://registry.npmjs.org/@ionic/utils-process/-/utils-process-2.1.11.tgz. Extracting by manifest.
1373 silly tarball no local data for @ionic/utils-array@https://registry.npmjs.org/@ionic/utils-array/-/utils-array-2.1.6.tgz. Extracting by manifest.
1374 silly tarball no local data for fs-extra@https://registry.npmjs.org/fs-extra/-/fs-extra-9.1.0.tgz. Extracting by manifest.
1375 silly tarball no local data for @types/fs-extra@https://registry.npmjs.org/@types/fs-extra/-/fs-extra-8.1.5.tgz. Extracting by manifest.
1376 silly tarball no local data for xml2js@https://registry.npmjs.org/xml2js/-/xml2js-0.5.0.tgz. Extracting by manifest.
1377 silly tarball no local data for tslib@https://registry.npmjs.org/tslib/-/tslib-2.8.1.tgz. Extracting by manifest.
1378 silly tarball no local data for tar@https://registry.npmjs.org/tar/-/tar-6.2.1.tgz. Extracting by manifest.
1379 silly tarball no local data for semver@https://registry.npmjs.org/semver/-/semver-7.8.5.tgz. Extracting by manifest.
1380 silly tarball no local data for rimraf@https://registry.npmjs.org/rimraf/-/rimraf-4.4.1.tgz. Extracting by manifest.
1381 silly tarball no local data for prompts@https://registry.npmjs.org/prompts/-/prompts-2.4.2.tgz. Extracting by manifest.
1382 silly tarball no local data for plist@https://registry.npmjs.org/plist/-/plist-3.1.1.tgz. Extracting by manifest.
1383 silly tarball no local data for open@https://registry.npmjs.org/open/-/open-8.4.2.tgz. Extracting by manifest.
1384 silly tarball no local data for native-run@https://registry.npmjs.org/native-run/-/native-run-2.0.3.tgz. Extracting by manifest.
1385 silly tarball no local data for kleur@https://registry.npmjs.org/kleur/-/kleur-4.1.5.tgz. Extracting by manifest.
1386 silly tarball no local data for env-paths@https://registry.npmjs.org/env-paths/-/env-paths-2.2.1.tgz. Extracting by manifest.
1387 silly tarball no local data for debug@https://registry.npmjs.org/debug/-/debug-4.4.3.tgz. Extracting by manifest.
1388 silly tarball no local data for commander@https://registry.npmjs.org/commander/-/commander-9.5.0.tgz. Extracting by manifest.
1389 silly tarball no local data for @ionic/utils-terminal@https://registry.npmjs.org/@ionic/utils-terminal/-/utils-terminal-2.3.5.tgz. Extracting by manifest.
1390 silly tarball no local data for @ionic/utils-subprocess@https://registry.npmjs.org/@ionic/utils-subprocess/-/utils-subprocess-2.1.14.tgz. Extracting by manifest.
1391 silly tarball no local data for @ionic/utils-fs@https://registry.npmjs.org/@ionic/utils-fs/-/utils-fs-3.1.7.tgz. Extracting by manifest.
1392 silly tarball no local data for @ionic/cli-framework-output@https://registry.npmjs.org/@ionic/cli-framework-output/-/cli-framework-output-2.2.8.tgz. Extracting by manifest.
1393 silly tarball no local data for zustand@https://registry.npmjs.org/zustand/-/zustand-4.5.7.tgz. Extracting by manifest.
1394 silly tarball no local data for typescript@https://registry.npmjs.org/typescript/-/typescript-5.9.3.tgz. Extracting by manifest.
1395 silly tarball no local data for tailwindcss@https://registry.npmjs.org/tailwindcss/-/tailwindcss-3.4.19.tgz. Extracting by manifest.
1396 silly tarball no local data for tailwind-merge@https://registry.npmjs.org/tailwind-merge/-/tailwind-merge-2.6.1.tgz. Extracting by manifest.
1397 silly tarball no local data for react-dom@https://registry.npmjs.org/react-dom/-/react-dom-18.3.1.tgz. Extracting by manifest.
1398 silly tarball no local data for next@https://registry.npmjs.org/next/-/next-14.2.35.tgz. Extracting by manifest.
1399 silly tarball no local data for react@https://registry.npmjs.org/react/-/react-18.3.1.tgz. Extracting by manifest.
1400 silly tarball no local data for lucide-react@https://registry.npmjs.org/lucide-react/-/lucide-react-0.344.0.tgz. Extracting by manifest.
1401 silly tarball no local data for clsx@https://registry.npmjs.org/clsx/-/clsx-2.1.1.tgz. Extracting by manifest.
1402 silly tarball no local data for postcss@https://registry.npmjs.org/postcss/-/postcss-8.5.22.tgz. Extracting by manifest.
1403 silly tarball no local data for autoprefixer@https://registry.npmjs.org/autoprefixer/-/autoprefixer-10.5.4.tgz. Extracting by manifest.
1404 silly tarball no local data for @types/react-dom@https://registry.npmjs.org/@types/react-dom/-/react-dom-18.3.7.tgz. Extracting by manifest.
1405 silly tarball no local data for @types/react@https://registry.npmjs.org/@types/react/-/react-18.3.31.tgz. Extracting by manifest.
1406 silly tarball no local data for @types/node@https://registry.npmjs.org/@types/node/-/node-20.19.43.tgz. Extracting by manifest.
1407 silly tarball no local data for @supabase/supabase-js@https://registry.npmjs.org/@supabase/supabase-js/-/supabase-js-2.109.0.tgz. Extracting by manifest.
1408 silly tarball no local data for @supabase/ssr@https://registry.npmjs.org/@supabase/ssr/-/ssr-0.1.0.tgz. Extracting by manifest.
1409 silly tarball no local data for @revenuecat/purchases-capacitor@https://registry.npmjs.org/@revenuecat/purchases-capacitor/-/purchases-capacitor-6.1.2.tgz. Extracting by manifest.
1410 silly tarball no local data for @capacitor/push-notifications@https://registry.npmjs.org/@capacitor/push-notifications/-/push-notifications-5.1.2.tgz. Extracting by manifest.
1411 silly tarball no local data for @capacitor/ios@https://registry.npmjs.org/@capacitor/ios/-/ios-5.7.8.tgz. Extracting by manifest.
1412 silly tarball no local data for @capacitor/core@https://registry.npmjs.org/@capacitor/core/-/core-5.7.8.tgz. Extracting by manifest.
1413 silly tarball no local data for @capacitor/cli@https://registry.npmjs.org/@capacitor/cli/-/cli-5.7.8.tgz. Extracting by manifest.
1414 silly tarball no local data for minipass@https://registry.npmjs.org/minipass/-/minipass-3.3.6.tgz. Extracting by manifest.
1415 silly tarball no local data for minipass@https://registry.npmjs.org/minipass/-/minipass-3.3.6.tgz. Extracting by manifest.
1416 silly tarball no local data for fdir@https://registry.npmjs.org/fdir/-/fdir-6.5.0.tgz. Extracting by manifest.
1417 silly tarball no local data for picomatch@https://registry.npmjs.org/picomatch/-/picomatch-4.0.5.tgz. Extracting by manifest.
1418 silly tarball no local data for commander@https://registry.npmjs.org/commander/-/commander-4.1.1.tgz. Extracting by manifest.
1419 silly tarball no local data for glob-parent@https://registry.npmjs.org/glob-parent/-/glob-parent-5.1.2.tgz. Extracting by manifest.
1420 silly tarball no local data for glob-parent@https://registry.npmjs.org/glob-parent/-/glob-parent-5.1.2.tgz. Extracting by manifest.
1421 silly tarball no local data for minipass@https://registry.npmjs.org/minipass/-/minipass-7.1.3.tgz. Extracting by manifest.
1422 silly tarball no local data for @ionic/utils-terminal@https://registry.npmjs.org/@ionic/utils-terminal/-/utils-terminal-2.3.4.tgz. Extracting by manifest.
1423 silly tarball no local data for xmlbuilder@https://registry.npmjs.org/xmlbuilder/-/xmlbuilder-11.0.1.tgz. Extracting by manifest.
1424 silly tarball no local data for minipass@https://registry.npmjs.org/minipass/-/minipass-5.0.0.tgz. Extracting by manifest.
1425 silly tarball no local data for kleur@https://registry.npmjs.org/kleur/-/kleur-3.0.3.tgz. Extracting by manifest.
1426 silly tarball no local data for postcss@https://registry.npmjs.org/postcss/-/postcss-8.4.31.tgz. Extracting by manifest.
1427 silly tarball no local data for @ionic/utils-terminal@https://registry.npmjs.org/@ionic/utils-terminal/-/utils-terminal-2.3.4.tgz. Extracting by manifest.
1428 http fetch POST 200 https://registry.npmjs.org/-/npm/v1/security/advisories/bulk 451ms
1429 silly audit report {
1429 silly audit report   postcss: [
1429 silly audit report     {
1429 silly audit report       id: 1117015,
1429 silly audit report       url: 'https://github.com/advisories/GHSA-qx2v-qp2m-jg93',
1429 silly audit report       title: 'PostCSS has XSS via Unescaped </style> in its CSS Stringify Output',
1429 silly audit report       severity: 'moderate',
1429 silly audit report       vulnerable_versions: '<8.5.10',
1429 silly audit report       cwe: [Array],
1429 silly audit report       cvss: [Object]
1429 silly audit report     },
1429 silly audit report     {
1429 silly audit report       id: 1124252,
1429 silly audit report       url: 'https://github.com/advisories/GHSA-6g55-p6wh-862q',
1429 silly audit report       title: 'PostCSS: Arbitrary file read and information disclosure via attacker-controlled sourceMappingURL in CSS comments',
1429 silly audit report       severity: 'high',
1429 silly audit report       vulnerable_versions: '<=8.5.11',
1429 silly audit report       cwe: [Array],
1429 silly audit report       cvss: [Object]
1429 silly audit report     }
1429 silly audit report   ],
1429 silly audit report   next: [
1429 silly audit report     {
1429 silly audit report       id: 1117931,
1429 silly audit report       url: 'https://github.com/advisories/GHSA-8h8q-6873-q5fj',
1429 silly audit report       title: 'Next.js Vulnerable to Denial of Service with Server Components',
1429 silly audit report       severity: 'high',
1429 silly audit report       vulnerable_versions: '>=13.0.0 <15.5.16',
1429 silly audit report       cwe: [Array],
1429 silly audit report       cvss: [Object]
1429 silly audit report     },
1429 silly audit report     {
1429 silly audit report       id: 1118942,
1429 silly audit report       url: 'https://github.com/advisories/GHSA-3g8h-86w9-wvmq',
1429 silly audit report       title: "Next.js's Middleware / Proxy redirects can be cache-poisoned",
1429 silly audit report       severity: 'low',
1429 silly audit report       vulnerable_versions: '>=12.2.0 <15.5.16',
1429 silly audit report       cwe: [Array],
1429 silly audit report       cvss: [Object]
1429 silly audit report     },
1429 silly audit report     {
1429 silly audit report       id: 1118944,
1429 silly audit report       url: 'https://github.com/advisories/GHSA-ffhc-5mcf-pf4q',
1429 silly audit report       title: 'Next.js vulnerable to cross-site scripting in App Router applications using CSP nonces',
1429 silly audit report       severity: 'moderate',
1429 silly audit report       vulnerable_versions: '>=13.4.0 <15.5.16',
1429 silly audit report       cwe: [Array],
1429 silly audit report       cvss: [Object]
1429 silly audit report     },
1429 silly audit report     {
1429 silly audit report       id: 1118946,
1429 silly audit report       url: 'https://github.com/advisories/GHSA-vfv6-92ff-j949',
1429 silly audit report       title: 'Next.js vulnerable to cache poisoning via collisions in React Server Component cache-busting',
1429 silly audit report       severity: 'low',
1429 silly audit report       vulnerable_versions: '>=13.4.6 <15.5.16',
1429 silly audit report       cwe: [Array],
1429 silly audit report       cvss: [Object]
1429 silly audit report     },
1429 silly audit report     {
1429 silly audit report       id: 1118948,
1429 silly audit report       url: 'https://github.com/advisories/GHSA-gx5p-jg67-6x7h',
1429 silly audit report       title: 'Next.js has cross-site scripting in beforeInteractive scripts with untrusted input',
1429 silly audit report       severity: 'moderate',
1429 silly audit report       vulnerable_versions: '>=13.0.0 <15.5.16',
1429 silly audit report       cwe: [Array],
1429 silly audit report       cvss: [Object]
1429 silly audit report     },
1429 silly audit report     {
1429 silly audit report       id: 1118952,
1429 silly audit report       url: 'https://github.com/advisories/GHSA-h64f-5h5j-jqjh',
1429 silly audit report       title: 'Next.js has a Denial of Service in the Image Optimization API',
1429 silly audit report       severity: 'moderate',
1429 silly audit report       vulnerable_versions: '>=10.0.0 <15.5.16',
1429 silly audit report       cwe: [Array],
1429 silly audit report       cvss: [Object]
1429 silly audit report     },
1429 silly audit report     {
1429 silly audit report       id: 1118954,
1429 silly audit report       url: 'https://github.com/advisories/GHSA-c4j6-fc7j-m34r',
1429 silly audit report       title: 'Next.js vulnerable to server-side request forgery in applications using WebSocket upgrades',
1429 silly audit report       severity: 'high',
1429 silly audit report       vulnerable_versions: '>=13.4.13 <15.5.16',
1429 silly audit report       cwe: [Array],
1429 silly audit report       cvss: [Object]
1429 silly audit report     },
1429 silly audit report     {
1429 silly audit report       id: 1118958,
1429 silly audit report       url: 'https://github.com/advisories/GHSA-wfc6-r584-vfw7',
1429 silly audit report       title: 'Next.js vulnerable to cache poisoning in React Server Component responses',
1429 silly audit report       severity: 'moderate',
1429 silly audit report       vulnerable_versions: '>=14.2.0 <15.5.16',
1429 silly audit report       cwe: [Array],
1429 silly audit report       cvss: [Object]
1429 silly audit report     },
1429 silly audit report     {
1429 silly audit report       id: 1118962,
1429 silly audit report       url: 'https://github.com/advisories/GHSA-36qx-fr4f-26g5',
1429 silly audit report       title: 'Next.js has a Middleware / Proxy bypass in Pages Router applications using i18n',
1429 silly audit report       severity: 'high',
1429 silly audit report       vulnerable_versions: '>=12.2.0 <15.5.16',
1429 silly audit report       cwe: [Array],
1429 silly audit report       cvss: [Object]
1429 silly audit report     },
1429 silly audit report     {
1429 silly audit report       id: 1112593,
1429 silly audit report       url: 'https://github.com/advisories/GHSA-9g9p-9gw9-jx7f',
1429 silly audit report       title: 'Next.js self-hosted applications vulnerable to DoS via Image Optimizer remotePatterns configuration',
1429 silly audit report       severity: 'moderate',
1429 silly audit report       vulnerable_versions: '>=10.0.0 <15.5.10',
1429 silly audit report       cwe: [Array],
1429 silly audit report       cvss: [Object]
1429 silly audit report     },
1429 silly audit report     {
1429 silly audit report       id: 1112653,
1429 silly audit report       url: 'https://github.com/advisories/GHSA-h25m-26qc-wcjf',
1429 silly audit report       title: 'Next.js HTTP request deserialization can lead to DoS when using insecure React Server Components',
1429 silly audit report       severity: 'high',
1429 silly audit report       vulnerable_versions: '>=13.0.0 <15.0.8',
1429 silly audit report       cwe: [Array],
1429 silly audit report       cvss: [Object]
1429 silly audit report     },
1429 silly audit report     {
1429 silly audit report       id: 1114897,
1429 silly audit report       url: 'https://github.com/advisories/GHSA-ggv3-7p47-pfv8',
1429 silly audit report       title: 'Next.js: HTTP request smuggling in rewrites',
1429 silly audit report       severity: 'moderate',
1429 silly audit report       vulnerable_versions: '>=9.5.0 <15.5.13',
1429 silly audit report       cwe: [Array],
1429 silly audit report       cvss: [Object]
1429 silly audit report     },
1429 silly audit report     {
1429 silly audit report       id: 1114940,
1429 silly audit report       url: 'https://github.com/advisories/GHSA-3x4c-7xq6-9pq8',
1429 silly audit report       title: 'Next.js: Unbounded next/image disk cache growth can exhaust storage',
1429 silly audit report       severity: 'moderate',
1429 silly audit report       vulnerable_versions: '>=10.0.0 <15.5.14',
1429 silly audit report       cwe: [Array],
1429 silly audit report       cvss: [Object]
1429 silly audit report     },
1429 silly audit report     {
1429 silly audit report       id: 1116376,
1429 silly audit report       url: 'https://github.com/advisories/GHSA-q4gf-8mx6-v5v3',
1429 silly audit report       title: 'Next.js has a Denial of Service with Server Components',
1429 silly audit report       severity: 'high',
1429 silly audit report       vulnerable_versions: '>=13.0.0 <15.5.15',
1429 silly audit report       cwe: [Array],
1429 silly audit report       cvss: [Object]
1429 silly audit report     },
1429 silly audit report     {
1429 silly audit report       id: 1124185,
1429 silly audit report       url: 'https://github.com/advisories/GHSA-89xv-2m56-2m9x',
1429 silly audit report       title: 'Next.js: Server-Side Request Forgery in Server Actions on custom servers',
1429 silly audit report       severity: 'high',
1429 silly audit report       vulnerable_versions: '>=14.1.1 <15.5.21',
1429 silly audit report       cwe: [Array],
1429 silly audit report       cvss: [Object]
1429 silly audit report     },
1429 silly audit report     {
1429 silly audit report       id: 1124172,
1429 silly audit report       url: 'https://github.com/advisories/GHSA-m99w-x7hq-7vfj',
1429 silly audit report       title: 'Next.js: Denial of Service in App Router using Server Actions',
1429 silly audit report       severity: 'high',
1429 silly audit report       vulnerable_versions: '>=13.0.0 <15.5.21',
1429 silly audit report       cwe: [Array],
1429 silly audit report       cvss: [Object]
1429 silly audit report     },
1429 silly audit report     {
1429 silly audit report       id: 1124187,
1429 silly audit report       url: 'https://github.com/advisories/GHSA-68g3-v927-f742',
1429 silly audit report       title: 'Next.js: Cache confusion of response bodies for requests with bodies',
1429 silly audit report       severity: 'moderate',
1429 silly audit report       vulnerable_versions: '>=13.0.0 <15.5.21',
1429 silly audit report       cwe: [Array],
1429 silly audit report       cvss: [Object]
1429 silly audit report     },
1429 silly audit report     {
1429 silly audit report       id: 1124189,
1429 silly audit report       url: 'https://github.com/advisories/GHSA-4633-3j49-mh5q',
1429 silly audit report       title: 'Next.js: Cache confusion of response bodies for requests with bodies containing invalid UTF-8 byte sequences',
1429 silly audit report       severity: 'moderate',
1429 silly audit report       vulnerable_versions: '>=13.0.0 <15.5.21',
1429 silly audit report       cwe: [Array],
1429 silly audit report       cvss: [Object]
1429 silly audit report     },
1429 silly audit report     {
1429 silly audit report       id: 1124191,
1429 silly audit report       url: 'https://github.com/advisories/GHSA-4c39-4ccg-62r3',
1429 silly audit report       title: 'Next.js: Unbounded Server Action payload in Edge runtime',
1429 silly audit report       severity: 'moderate',
1429 silly audit report       vulnerable_versions: '>=13.0.0 <15.5.21',
1429 silly audit report       cwe: [Array],
1429 silly audit report       cvss: [Object]
1429 silly audit report     },
1429 silly audit report     {
1429 silly audit report       id: 1124193,
1429 silly audit report       url: 'https://github.com/advisories/GHSA-p9j2-gv94-2wf4',
1429 silly audit report       title: 'Next.js: Server-Side Request Forgery in rewrites via attacker-controlled destination hostname',
1429 silly audit report       severity: 'high',
1429 silly audit report       vulnerable_versions: '>=12.0.0 <15.5.21',
1429 silly audit report       cwe: [Array],
1429 silly audit report       cvss: [Object]
1429 silly audit report     },
1429 silly audit report     {
1429 silly audit report       id: 1124197,
1429 silly audit report       url: 'https://github.com/advisories/GHSA-955p-x3mx-jcvp',
1429 silly audit report       title: 'Next.js: Unauthenticated disclosure of internal Server Function endpoints',
1429 silly audit report       severity: 'moderate',
1429 silly audit report       vulnerable_versions: '>=13.0.0 <15.5.21',
1429 silly audit report       cwe: [Array],
1429 silly audit report       cvss: [Object]
1429 silly audit report     }
1429 silly audit report   ],
1429 silly audit report   tar: [
1429 silly audit report     {
1429 silly audit report       id: 1112659,
1429 silly audit report       url: 'https://github.com/advisories/GHSA-34x7-hfp2-rc4v',
1429 silly audit report       title: 'node-tar Vulnerable to Arbitrary File Creation/Overwrite via Hardlink Path Traversal',
1429 silly audit report       severity: 'high',
1429 silly audit report       vulnerable_versions: '<7.5.7',
1429 silly audit report       cwe: [Array],
1429 silly audit report       cvss: [Object]
1429 silly audit report     },
1429 silly audit report     {
1429 silly audit report       id: 1113300,
1429 silly audit report       url: 'https://github.com/advisories/GHSA-8qq5-rm4j-mr97',
1429 silly audit report       title: 'node-tar is Vulnerable to Arbitrary File Overwrite and Symlink Poisoning via Insufficient Path Sanitization',
1429 silly audit report       severity: 'high',
1429 silly audit report       vulnerable_versions: '<=7.5.2',
1429 silly audit report       cwe: [Array],
1429 silly audit report       cvss: [Object]
1429 silly audit report     },
1429 silly audit report     {
1429 silly audit report       id: 1113375,
1429 silly audit report       url: 'https://github.com/advisories/GHSA-83g3-92jg-28cx',
1429 silly audit report       title: 'Arbitrary File Read/Write via Hardlink Target Escape Through Symlink Chain in node-tar Extraction',
1429 silly audit report       severity: 'high',
1429 silly audit report       vulnerable_versions: '<7.5.8',
1429 silly audit report       cwe: [Array],
1429 silly audit report       cvss: [Object]
1429 silly audit report     },
1429 silly audit report     {
1429 silly audit report       id: 1114200,
1429 silly audit report       url: 'https://github.com/advisories/GHSA-qffp-2rhf-9h96',
1429 silly audit report       title: 'tar has Hardlink Path Traversal via Drive-Relative Linkpath',
1429 silly audit report       severity: 'high',
1429 silly audit report       vulnerable_versions: '<=7.5.9',
1429 silly audit report       cwe: [Array],
1429 silly audit report       cvss: [Object]
1429 silly audit report     },
1429 silly audit report     {
1429 silly audit report       id: 1114302,
1429 silly audit report       url: 'https://github.com/advisories/GHSA-9ppj-qmqm-q256',
1429 silly audit report       title: 'node-tar Symlink Path Traversal via Drive-Relative Linkpath',
1429 silly audit report       severity: 'high',
1429 silly audit report       vulnerable_versions: '<=7.5.10',
1429 silly audit report       cwe: [Array],
1429 silly audit report       cvss: [Object]
1429 silly audit report     },
1429 silly audit report     {
1429 silly audit report       id: 1120782,
1429 silly audit report       url: 'https://github.com/advisories/GHSA-vmf3-w455-68vh',
1429 silly audit report       title: 'node-tar applies PAX size override to intermediary GNU long-name/long-link headers, causing tar parser interpretation differential (file smuggling)',
1429 silly audit report       severity: 'moderate',
1429 silly audit report       vulnerable_versions: '<=7.5.15',
1429 silly audit report       cwe: [Array],
1429 silly audit report       cvss: [Object]
1429 silly audit report     },
1429 silly audit report     {
1429 silly audit report       id: 1114680,
1429 silly audit report       url: 'https://github.com/advisories/GHSA-r6q2-hw4h-h46w',
1429 silly audit report       title: 'Race Condition in node-tar Path Reservations via Unicode Ligature Collisions on macOS APFS',
1429 silly audit report       severity: 'high',
1429 silly audit report       vulnerable_versions: '<=7.5.3',
1429 silly audit report       cwe: [Array],
1429 silly audit report       cvss: [Object]
1429 silly audit report     },
1429 silly audit report     {
1429 silly audit report       id: 1123939,
1429 silly audit report       url: 'https://github.com/advisories/GHSA-w8wr-v893-vjvp',
1429 silly audit report       title: 'node-tar: Process crash via PAX numeric path type confusion',
1429 silly audit report       severity: 'moderate',
1429 silly audit report       vulnerable_versions: '<=7.5.17',
1429 silly audit report       cwe: [Array],
1429 silly audit report       cvss: [Object]
1429 silly audit report     },
1429 silly audit report     {
1429 silly audit report       id: 1123940,
1429 silly audit report       url: 'https://github.com/advisories/GHSA-23hp-3jrh-7fpw',
1429 silly audit report       title: 'node-tar: Decompression/parse DoS via unlimited input',
1429 silly audit report       severity: 'critical',
1429 silly audit report       vulnerable_versions: '<=7.5.18',
1429 silly audit report       cwe: [Array],
1429 silly audit report       cvss: [Object]
1429 silly audit report     },
1429 silly audit report     {
1429 silly audit report       id: 1123941,
1429 silly audit report       url: 'https://github.com/advisories/GHSA-8x88-c5mf-7j5w',
1429 silly audit report       title: 'node-tar: Negative tar entry size causes infinite loop in archive replace',
1429 silly audit report       severity: 'high',
1429 silly audit report       vulnerable_versions: '<=7.5.17',
1429 silly audit report       cwe: [Array],
1429 silly audit report       cvss: [Object]
1429 silly audit report     },
1429 silly audit report     {
1429 silly audit report       id: 1123942,
1429 silly audit report       url: 'https://github.com/advisories/GHSA-gvwx-54wh-qm9j',
1429 silly audit report       title: 'node-tar: Uncaught Exception DoS via NUL byte in PAX path/linkpath records',
1429 silly audit report       severity: 'moderate',
1429 silly audit report       vulnerable_versions: '<=7.5.16',
1429 silly audit report       cwe: [Array],
1429 silly audit report       cvss: [Object]
1429 silly audit report     }
1429 silly audit report   ],
1429 silly audit report   cookie: [
1429 silly audit report     {
1429 silly audit report       id: 1103907,
1429 silly audit report       url: 'https://github.com/advisories/GHSA-pxg6-pf52-xh8x',
1429 silly audit report       title: 'cookie accepts cookie name, path, and domain with out of bounds characters',
1429 silly audit report       severity: 'low',
1429 silly audit report       vulnerable_versions: '<0.7.0',
1429 silly audit report       cwe: [Array],
1429 silly audit report       cvss: [Object]
1429 silly audit report     }
1429 silly audit report   ]
1429 silly audit report }
1430 silly packumentCache corgi:https://registry.npmjs.org/postcss cache-miss
1431 silly packumentCache corgi:https://registry.npmjs.org/next cache-miss
1432 silly packumentCache corgi:https://registry.npmjs.org/tar cache-miss
1433 silly packumentCache corgi:https://registry.npmjs.org/cookie cache-miss
1434 http fetch GET 200 https://registry.npmjs.org/chownr/-/chownr-2.0.0.tgz 722ms (cache miss)
1435 http fetch GET 200 https://registry.npmjs.org/fs-minipass/-/fs-minipass-2.1.0.tgz 723ms (cache miss)
1436 http fetch GET 200 https://registry.npmjs.org/inherits/-/inherits-2.0.4.tgz 850ms (cache miss)
1437 http fetch GET 200 https://registry.npmjs.org/thenify-all/-/thenify-all-1.6.0.tgz 845ms (cache miss)
1438 http fetch GET 200 https://registry.npmjs.org/isexe/-/isexe-2.0.0.tgz 885ms (cache miss)
1439 http fetch GET 200 https://registry.npmjs.org/string_decoder/-/string_decoder-1.3.0.tgz 917ms (cache miss)
1440 http fetch GET 200 https://registry.npmjs.org/escalade/-/escalade-3.2.0.tgz 959ms (cache miss)
1441 http fetch GET 200 https://registry.npmjs.org/mkdirp/-/mkdirp-1.0.4.tgz 952ms (cache miss)
1442 http fetch GET 200 https://registry.npmjs.org/pend/-/pend-1.2.0.tgz 964ms (cache miss)
1443 http fetch GET 200 https://registry.npmjs.org/yallist/-/yallist-4.0.0.tgz 954ms (cache miss)
1444 http fetch GET 200 https://registry.npmjs.org/thenify/-/thenify-3.3.1.tgz 992ms (cache miss)
1445 http fetch GET 200 https://registry.npmjs.org/minizlib/-/minizlib-2.1.2.tgz 993ms (cache miss)
1446 http fetch GET 200 https://registry.npmjs.org/object-assign/-/object-assign-4.1.1.tgz 990ms (cache miss)
1447 http fetch GET 200 https://registry.npmjs.org/queue-microtask/-/queue-microtask-1.2.3.tgz 1053ms (cache miss)
1448 http fetch GET 200 https://registry.npmjs.org/buffer-crc32/-/buffer-crc32-0.2.13.tgz 1073ms (cache miss)
1449 http fetch GET 200 https://registry.npmjs.org/supports-preserve-symlinks-flag/-/supports-preserve-symlinks-flag-1.0.0.tgz 1052ms (cache miss)
1450 http fetch GET 200 https://registry.npmjs.org/is-number/-/is-number-7.0.0.tgz 1073ms (cache miss)
1451 http fetch GET 200 https://registry.npmjs.org/read-cache/-/read-cache-1.0.0.tgz 1046ms (cache miss)
1452 http fetch GET 200 https://registry.npmjs.org/lines-and-columns/-/lines-and-columns-1.2.4.tgz 1087ms (cache miss)
1453 http fetch GET 200 https://registry.npmjs.org/binary-extensions/-/binary-extensions-2.3.0.tgz 1077ms (cache miss)
1454 http fetch GET 200 https://registry.npmjs.org/mz/-/mz-2.7.0.tgz 1116ms (cache miss)
1455 http fetch GET 200 https://registry.npmjs.org/safe-buffer/-/safe-buffer-5.2.1.tgz 1134ms (cache miss)
1456 http fetch GET 200 https://registry.npmjs.org/path-parse/-/path-parse-1.0.7.tgz 1115ms (cache miss)
1457 http fetch GET 200 https://registry.npmjs.org/pify/-/pify-2.3.0.tgz 1113ms (cache miss)
1458 http fetch GET 200 https://registry.npmjs.org/is-binary-path/-/is-binary-path-2.1.0.tgz 1099ms (cache miss)
1459 http fetch GET 200 https://registry.npmjs.org/pirates/-/pirates-4.0.7.tgz 1173ms (cache miss)
1460 http fetch GET 200 https://registry.npmjs.org/hasown/-/hasown-2.0.4.tgz 1171ms (cache miss)
1461 http fetch GET 200 https://registry.npmjs.org/camelcase-css/-/camelcase-css-2.0.1.tgz 1169ms (cache miss)
1462 http fetch GET 200 https://registry.npmjs.org/merge2/-/merge2-1.4.1.tgz 1176ms (cache miss)
1463 http fetch GET 200 https://registry.npmjs.org/fd-slicer/-/fd-slicer-1.1.0.tgz 1284ms (cache miss)
1464 http fetch GET 200 https://registry.npmjs.org/util-deprecate/-/util-deprecate-1.0.2.tgz 1259ms (cache miss)
1465 http fetch GET 200 https://registry.npmjs.org/dlv/-/dlv-1.1.3.tgz 1233ms (cache miss)
1466 http fetch GET 200 https://registry.npmjs.org/didyoumean/-/didyoumean-1.2.2.tgz 1233ms (cache miss)
1467 http fetch GET 200 https://registry.npmjs.org/is-extglob/-/is-extglob-2.1.1.tgz 1290ms (cache miss)
1468 http fetch GET 200 https://registry.npmjs.org/fill-range/-/fill-range-7.1.1.tgz 1285ms (cache miss)
1469 http fetch GET 200 https://registry.npmjs.org/normalize-path/-/normalize-path-3.0.0.tgz 1276ms (cache miss)
1470 http fetch GET 200 https://registry.npmjs.org/emoji-regex/-/emoji-regex-8.0.0.tgz 1266ms (cache miss)
1471 http fetch GET 200 https://registry.npmjs.org/color-name/-/color-name-1.1.4.tgz 1265ms (cache miss)
1472 http fetch GET 200 https://registry.npmjs.org/is-fullwidth-code-point/-/is-fullwidth-code-point-3.0.0.tgz 1266ms (cache miss)
1473 http fetch GET 200 https://registry.npmjs.org/cssesc/-/cssesc-3.0.0.tgz 1344ms (cache miss)
1474 http fetch GET 200 https://registry.npmjs.org/run-parallel/-/run-parallel-1.2.0.tgz 1340ms (cache miss)
1475 http fetch GET 200 https://registry.npmjs.org/anymatch/-/anymatch-3.1.3.tgz 1331ms (cache miss)
1476 http fetch GET 200 https://registry.npmjs.org/glob-parent/-/glob-parent-6.0.2.tgz 1322ms (cache miss)
1477 http fetch GET 200 https://registry.npmjs.org/astral-regex/-/astral-regex-2.0.0.tgz 1312ms (cache miss)
1478 http fetch GET 200 https://registry.npmjs.org/tinyglobby/-/tinyglobby-0.2.17.tgz 1405ms (cache miss)
1479 http fetch GET 200 https://registry.npmjs.org/client-only/-/client-only-0.0.1.tgz 1371ms (cache miss)
1480 http fetch GET 200 https://registry.npmjs.org/ansi-regex/-/ansi-regex-5.0.1.tgz 1373ms (cache miss)
1481 http fetch GET 200 https://registry.npmjs.org/postcss-nested/-/postcss-nested-6.2.0.tgz 1425ms (cache miss)
1482 http fetch GET 200 https://registry.npmjs.org/is-glob/-/is-glob-4.0.3.tgz 1418ms (cache miss)
1483 http fetch GET 200 https://registry.npmjs.org/@alloc/quick-lru/-/quick-lru-5.2.0.tgz 1415ms (cache miss)
1484 http fetch GET 200 https://registry.npmjs.org/shebang-regex/-/shebang-regex-3.0.0.tgz 1407ms (cache miss)
1485 http fetch GET 200 https://registry.npmjs.org/is-docker/-/is-docker-2.2.1.tgz 1394ms (cache miss)
1486 http fetch GET 200 https://registry.npmjs.org/is-wsl/-/is-wsl-2.2.0.tgz 1396ms (cache miss)
1487 http fetch GET 200 https://registry.npmjs.org/@jridgewell/resolve-uri/-/resolve-uri-3.1.2.tgz 1486ms (cache miss)
1488 http fetch GET 200 https://registry.npmjs.org/postcss-js/-/postcss-js-4.1.0.tgz 1457ms (cache miss)
1489 http fetch GET 200 https://registry.npmjs.org/postcss-load-config/-/postcss-load-config-6.0.1.tgz 1459ms (cache miss)
1490 http fetch GET 200 https://registry.npmjs.org/balanced-match/-/balanced-match-1.0.2.tgz 1438ms (cache miss)
1491 http fetch GET 200 https://registry.npmjs.org/to-regex-range/-/to-regex-range-5.0.1.tgz 1505ms (cache miss)
1492 http fetch GET 200 https://registry.npmjs.org/reusify/-/reusify-1.1.0.tgz 1505ms (cache miss)
1493 http fetch GET 200 https://registry.npmjs.org/object-hash/-/object-hash-3.0.0.tgz 1492ms (cache miss)
1494 http fetch GET 200 https://registry.npmjs.org/readdirp/-/readdirp-3.6.0.tgz 1498ms (cache miss)
1495 http fetch GET 200 https://registry.npmjs.org/arg/-/arg-5.0.2.tgz 1483ms (cache miss)
1496 http fetch GET 200 https://registry.npmjs.org/js-tokens/-/js-tokens-4.0.0.tgz 1471ms (cache miss)
1497 http fetch GET 200 https://registry.npmjs.org/define-lazy-prop/-/define-lazy-prop-2.0.0.tgz 1463ms (cache miss)
1498 http fetch GET 200 https://registry.npmjs.org/lilconfig/-/lilconfig-3.1.3.tgz 1531ms (cache miss)
1499 http fetch GET 200 https://registry.npmjs.org/fs.realpath/-/fs.realpath-1.0.0.tgz 1513ms (cache miss)
1500 http fetch GET 200 https://registry.npmjs.org/sisteransi/-/sisteransi-1.0.5.tgz 1510ms (cache miss)
1501 http fetch GET 200 https://registry.npmjs.org/base64-js/-/base64-js-1.5.1.tgz 1505ms (cache miss)
1502 http fetch GET 200 https://registry.npmjs.org/streamsearch/-/streamsearch-1.1.0.tgz 1503ms (cache miss)
1503 http fetch GET 200 https://registry.npmjs.org/jsonfile/-/jsonfile-6.2.1.tgz 1493ms (cache miss)
1504 http fetch GET 200 https://registry.npmjs.org/path-key/-/path-key-3.1.1.tgz 1490ms (cache miss)
1505 http fetch GET 200 https://registry.npmjs.org/graceful-fs/-/graceful-fs-4.2.11.tgz 1493ms (cache miss)
1506 http fetch GET 200 https://registry.npmjs.org/shebang-command/-/shebang-command-2.0.0.tgz 1492ms (cache miss)
1507 http fetch GET 200 https://registry.npmjs.org/micromatch/-/micromatch-4.0.8.tgz 1641ms (cache miss)
1508 http fetch GET 200 https://registry.npmjs.org/split2/-/split2-4.2.0.tgz 1602ms (cache miss)
1509 http fetch GET 200 https://registry.npmjs.org/bplist-parser/-/bplist-parser-0.3.2.tgz 1601ms (cache miss)
1510 http fetch GET 200 https://registry.npmjs.org/which/-/which-2.0.2.tgz 1598ms (cache miss)
1511 http fetch GET 200 https://registry.npmjs.org/node-releases/-/node-releases-2.0.51.tgz 1607ms (cache miss)
1512 http fetch GET 200 https://registry.npmjs.org/picocolors/-/picocolors-1.1.1.tgz 1605ms (cache miss)
1513 http fetch GET 200 https://registry.npmjs.org/function-bind/-/function-bind-1.1.2.tgz 1687ms (cache miss)
1514 http fetch GET 200 https://registry.npmjs.org/@nodelib/fs.stat/-/fs.stat-2.0.5.tgz 1675ms (cache miss)
1515 http fetch GET 200 https://registry.npmjs.org/loose-envify/-/loose-envify-1.4.0.tgz 1643ms (cache miss)
1516 http fetch GET 200 https://registry.npmjs.org/@swc/counter/-/counter-0.1.3.tgz 1634ms (cache miss)
1517 http fetch GET 200 https://registry.npmjs.org/through2/-/through2-4.0.2.tgz 1626ms (cache miss)
1518 http fetch GET 200 https://registry.npmjs.org/ms/-/ms-2.1.3.tgz 1622ms (cache miss)
1519 http fetch GET 200 https://registry.npmjs.org/at-least-node/-/at-least-node-1.0.0.tgz 1623ms (cache miss)
1520 http fetch GET 200 https://registry.npmjs.org/update-browserslist-db/-/update-browserslist-db-1.2.3.tgz 1617ms (cache miss)
1521 http fetch GET 200 https://registry.npmjs.org/@types/prop-types/-/prop-types-15.7.15.tgz 1612ms (cache miss)
1522 http fetch GET 200 https://registry.npmjs.org/postcss-value-parser/-/postcss-value-parser-4.2.0.tgz 1632ms (cache miss)
1523 http fetch GET 200 https://registry.npmjs.org/es-errors/-/es-errors-1.3.0.tgz 1710ms (cache miss)
1524 http fetch GET 200 https://registry.npmjs.org/color-convert/-/color-convert-2.0.1.tgz 1677ms (cache miss)
1525 http fetch GET 200 https://registry.npmjs.org/ansi-styles/-/ansi-styles-4.3.0.tgz 1673ms (cache miss)
1526 http fetch GET 200 https://registry.npmjs.org/yauzl/-/yauzl-2.10.0.tgz 1651ms (cache miss)
1527 http fetch GET 200 https://registry.npmjs.org/ini/-/ini-4.1.3.tgz 1649ms (cache miss)
1528 http fetch GET 200 https://registry.npmjs.org/universalify/-/universalify-2.0.1.tgz 1648ms (cache miss)
1529 http fetch GET 200 https://registry.npmjs.org/@next/env/-/env-14.2.35.tgz 1679ms (cache miss)
1530 http fetch GET 200 https://registry.npmjs.org/strip-ansi/-/strip-ansi-6.0.1.tgz 1648ms (cache miss)
1531 http fetch GET 200 https://registry.npmjs.org/untildify/-/untildify-4.0.0.tgz 1649ms (cache miss)
1532 http fetch GET 200 https://registry.npmjs.org/wrap-ansi/-/wrap-ansi-7.0.0.tgz 1670ms (cache miss)
1533 http fetch GET 200 https://registry.npmjs.org/is-core-module/-/is-core-module-2.16.2.tgz 1777ms (cache miss)
1534 http fetch GET 200 https://registry.npmjs.org/chokidar/-/chokidar-3.6.0.tgz 1747ms (cache miss)
1535 http fetch GET 200 https://registry.npmjs.org/cookie/-/cookie-0.5.0.tgz 1693ms (cache miss)
1536 http fetch GET 200 https://registry.npmjs.org/slice-ansi/-/slice-ansi-4.0.0.tgz 1690ms (cache miss)
1537 http fetch GET 200 https://registry.npmjs.org/string-width/-/string-width-4.2.3.tgz 1688ms (cache miss)
1538 http fetch GET 200 https://registry.npmjs.org/@types/slice-ansi/-/slice-ansi-4.0.0.tgz 1689ms (cache miss)
1539 http fetch GET 200 https://registry.npmjs.org/@ionic/utils-stream/-/utils-stream-3.1.6.tgz 1684ms (cache miss)
1540 http fetch GET 200 https://registry.npmjs.org/fastq/-/fastq-1.20.1.tgz 1794ms (cache miss)
1541 http fetch GET 200 https://registry.npmjs.org/signal-exit/-/signal-exit-3.0.7.tgz 1712ms (cache miss)
1542 http fetch GET 200 https://registry.npmjs.org/cross-spawn/-/cross-spawn-7.0.6.tgz 1710ms (cache miss)
1543 http fetch GET 200 https://registry.npmjs.org/use-sync-external-store/-/use-sync-external-store-1.6.0.tgz 1709ms (cache miss)
1544 http fetch GET 200 https://registry.npmjs.org/@revenuecat/purchases-typescript-internal-esm/-/purchases-typescript-internal-esm-6.3.2.tgz 1718ms (cache miss)
1545 http fetch GET 200 https://registry.npmjs.org/@types/fs-extra/-/fs-extra-8.1.5.tgz 1707ms (cache miss)
1546 http fetch GET 200 https://registry.npmjs.org/@ionic/utils-process/-/utils-process-2.1.11.tgz 1709ms (cache miss)
1547 http fetch GET 200 https://registry.npmjs.org/@ionic/utils-object/-/utils-object-2.1.6.tgz 1712ms (cache miss)
1548 http fetch GET 200 https://registry.npmjs.org/ts-interface-checker/-/ts-interface-checker-0.1.13.tgz 1825ms (cache miss)
1549 http fetch GET 200 https://registry.npmjs.org/postcss-import/-/postcss-import-15.1.0.tgz 1799ms (cache miss)
1550 http fetch GET 200 https://registry.npmjs.org/open/-/open-8.4.2.tgz 1716ms (cache miss)
1551 http fetch GET 200 https://registry.npmjs.org/tree-kill/-/tree-kill-1.2.2.tgz 1744ms (cache miss)
1552 http fetch GET 200 https://registry.npmjs.org/@ionic/utils-array/-/utils-array-2.1.6.tgz 1737ms (cache miss)
1553 http fetch GET 200 https://registry.npmjs.org/kleur/-/kleur-4.1.5.tgz 1728ms (cache miss)
1554 http fetch GET 200 https://registry.npmjs.org/minipass/-/minipass-4.2.8.tgz 1811ms (cache miss)
1555 http fetch GET 200 https://registry.npmjs.org/env-paths/-/env-paths-2.2.1.tgz 1747ms (cache miss)
1556 http fetch GET 200 https://registry.npmjs.org/debug/-/debug-4.4.3.tgz 1759ms (cache miss)
1557 http fetch GET 200 https://registry.npmjs.org/@ionic/cli-framework-output/-/cli-framework-output-2.2.8.tgz 1757ms (cache miss)
1558 http fetch GET 200 https://registry.npmjs.org/@ionic/utils-terminal/-/utils-terminal-2.3.5.tgz 1759ms (cache miss)
1559 http fetch GET 200 https://registry.npmjs.org/@ionic/utils-fs/-/utils-fs-3.1.7.tgz 1758ms (cache miss)
1560 http fetch GET 200 https://registry.npmjs.org/@ionic/utils-subprocess/-/utils-subprocess-2.1.14.tgz 1759ms (cache miss)
1561 http fetch GET 200 https://registry.npmjs.org/@nodelib/fs.scandir/-/fs.scandir-2.1.5.tgz 1870ms (cache miss)
1562 http fetch GET 200 https://registry.npmjs.org/scheduler/-/scheduler-0.23.2.tgz 1835ms (cache miss)
1563 http fetch GET 200 https://registry.npmjs.org/clsx/-/clsx-2.1.1.tgz 1761ms (cache miss)
1564 http fetch GET 200 https://registry.npmjs.org/any-promise/-/any-promise-1.3.0.tgz 1903ms (cache miss)
1565 http fetch GET 200 https://registry.npmjs.org/@supabase/ssr/-/ssr-0.1.0.tgz 1773ms (cache miss)
1566 http fetch GET 200 https://registry.npmjs.org/glob-parent/-/glob-parent-5.1.2.tgz 1745ms (cache miss)
1567 http fetch GET 200 https://registry.npmjs.org/@nodelib/fs.walk/-/fs.walk-1.2.8.tgz 1924ms (cache miss)
1568 http fetch GET 200 https://registry.npmjs.org/@types/react-dom/-/react-dom-18.3.7.tgz 1825ms (cache miss)
1569 http fetch GET 200 https://registry.npmjs.org/minipass/-/minipass-3.3.6.tgz 1805ms (cache miss)
1570 http fetch GET 200 https://registry.npmjs.org/commander/-/commander-4.1.1.tgz 1797ms (cache miss)
1571 http fetch GET 200 https://registry.npmjs.org/kleur/-/kleur-3.0.3.tgz 1781ms (cache miss)
1572 http fetch GET 200 https://registry.npmjs.org/@ionic/utils-terminal/-/utils-terminal-2.3.4.tgz 1786ms (cache miss)
1573 http fetch GET 200 https://registry.npmjs.org/braces/-/braces-3.0.3.tgz 1953ms (cache miss)
1574 http fetch GET 200 https://registry.npmjs.org/nanoid/-/nanoid-3.3.16.tgz 1920ms (cache miss)
1575 http fetch GET 200 https://registry.npmjs.org/big-integer/-/big-integer-1.6.52.tgz 1910ms (cache miss)
1576 http fetch GET 200 https://registry.npmjs.org/tslib/-/tslib-2.8.1.tgz 1877ms (cache miss)
1577 http fetch GET 200 https://registry.npmjs.org/@jridgewell/gen-mapping/-/gen-mapping-0.3.13.tgz 2017ms (cache miss)
1578 http fetch GET 200 https://registry.npmjs.org/browserslist/-/browserslist-4.28.7.tgz 1938ms (cache miss)
1579 http fetch GET 200 https://registry.npmjs.org/minipass/-/minipass-3.3.6.tgz 1876ms (cache miss)
1580 http fetch GET 200 https://registry.npmjs.org/picomatch/-/picomatch-4.0.5.tgz 1874ms (cache miss)
1581 http fetch GET 200 https://registry.npmjs.org/elementtree/-/elementtree-0.1.7.tgz 1964ms (cache miss)
1582 http fetch GET 200 https://registry.npmjs.org/fdir/-/fdir-6.5.0.tgz 1884ms (cache miss)
1583 http fetch GET 200 https://registry.npmjs.org/glob-parent/-/glob-parent-5.1.2.tgz 1876ms (cache miss)
1584 http fetch GET 200 https://registry.npmjs.org/sax/-/sax-1.1.4.tgz 1977ms (cache miss)
1585 http fetch GET 200 https://registry.npmjs.org/@ionic/utils-terminal/-/utils-terminal-2.3.4.tgz 1866ms (cache miss)
1586 http fetch GET 200 https://registry.npmjs.org/@jridgewell/sourcemap-codec/-/sourcemap-codec-1.5.5.tgz 2051ms (cache miss)
1587 http fetch GET 200 https://registry.npmjs.org/picomatch/-/picomatch-2.3.2.tgz 2030ms (cache miss)
1588 http fetch GET 200 https://registry.npmjs.org/minipass/-/minipass-5.0.0.tgz 1878ms (cache miss)
1589 http fetch GET 200 https://registry.npmjs.org/cookie 1722ms (cache miss)
1590 silly packumentCache corgi:https://registry.npmjs.org/cookie set size:undefined disposed:false
1591 http fetch GET 200 https://registry.npmjs.org/xml2js/-/xml2js-0.5.0.tgz 1968ms (cache miss)
1592 http fetch GET 200 https://registry.npmjs.org/source-map-js/-/source-map-js-1.2.1.tgz 2025ms (cache miss)
1593 http fetch GET 200 https://registry.npmjs.org/iceberg-js/-/iceberg-js-0.8.1.tgz 1998ms (cache miss)
1594 http fetch GET 200 https://registry.npmjs.org/baseline-browser-mapping/-/baseline-browser-mapping-2.11.1.tgz 2011ms (cache miss)
1595 http fetch GET 200 https://registry.npmjs.org/electron-to-chromium/-/electron-to-chromium-1.5.396.tgz 2013ms (cache miss)
1596 http fetch GET 200 https://registry.npmjs.org/tar 1808ms (cache miss)
1597 silly packumentCache corgi:https://registry.npmjs.org/tar set size:undefined disposed:false
1598 http fetch GET 200 https://registry.npmjs.org/brace-expansion/-/brace-expansion-2.1.2.tgz 2132ms (cache miss)
1599 http fetch GET 200 https://registry.npmjs.org/commander/-/commander-9.5.0.tgz 2074ms (cache miss)
1600 http fetch GET 200 https://registry.npmjs.org/busboy/-/busboy-1.6.0.tgz 2135ms (cache miss)
1601 http fetch GET 200 https://registry.npmjs.org/@xmldom/xmldom/-/xmldom-0.9.10.tgz 2144ms (cache miss)
1602 http fetch GET 200 https://registry.npmjs.org/fraction.js/-/fraction.js-5.3.4.tgz 2124ms (cache miss)
1603 http fetch GET 200 https://registry.npmjs.org/path-scurry/-/path-scurry-1.11.1.tgz 2179ms (cache miss)
1604 http fetch GET 200 https://registry.npmjs.org/postcss 1913ms (cache miss)
1605 silly packumentCache corgi:https://registry.npmjs.org/postcss set size:undefined disposed:false
1606 http fetch GET 200 https://registry.npmjs.org/readable-stream/-/readable-stream-3.6.2.tgz 2264ms (cache miss)
1607 http fetch GET 200 https://registry.npmjs.org/undici-types/-/undici-types-6.21.0.tgz 2169ms (cache miss)
1608 http fetch GET 200 https://registry.npmjs.org/tar/-/tar-6.2.1.tgz 2161ms (cache miss)
1609 http fetch GET 200 https://registry.npmjs.org/@types/react/-/react-18.3.31.tgz 2139ms (cache miss)
1610 warn deprecated tar@6.2.1: Old versions of tar are not supported, and contain widely publicized security vulnerabilities, which have been fixed in the current version. Please update. Support for old versions may be purchased (at exorbitant rates) by contacting i@izs.me
1611 http fetch GET 200 https://registry.npmjs.org/minipass/-/minipass-7.1.3.tgz 2129ms (cache miss)
1612 http fetch GET 200 https://registry.npmjs.org/@capacitor/core/-/core-5.7.8.tgz 2178ms (cache miss)
1613 http fetch GET 200 https://registry.npmjs.org/react/-/react-18.3.1.tgz 2193ms (cache miss)
1614 http fetch GET 200 https://registry.npmjs.org/@capacitor/push-notifications/-/push-notifications-5.1.2.tgz 2194ms (cache miss)
1615 http fetch GET 200 https://registry.npmjs.org/postcss-selector-parser/-/postcss-selector-parser-6.1.4.tgz 2305ms (cache miss)
1616 http fetch GET 200 https://registry.npmjs.org/semver/-/semver-7.8.5.tgz 2229ms (cache miss)
1617 http fetch GET 200 https://registry.npmjs.org/@jridgewell/trace-mapping/-/trace-mapping-0.3.31.tgz 2353ms (cache miss)
1618 http fetch GET 200 https://registry.npmjs.org/xmlbuilder/-/xmlbuilder-11.0.1.tgz 2201ms (cache miss)
1619 http fetch GET 200 https://registry.npmjs.org/fast-glob/-/fast-glob-3.3.3.tgz 2362ms (cache miss)
1620 http fetch GET 200 https://registry.npmjs.org/csstype/-/csstype-3.2.3.tgz 2320ms (cache miss)
1621 http fetch GET 200 https://registry.npmjs.org/fs-extra/-/fs-extra-9.1.0.tgz 2302ms (cache miss)
1622 http fetch GET 200 https://registry.npmjs.org/@supabase/functions-js/-/functions-js-2.109.0.tgz 2317ms (cache miss)
1623 http fetch GET 200 https://registry.npmjs.org/lru-cache/-/lru-cache-10.4.3.tgz 2370ms (cache miss)
1624 http fetch GET 200 https://registry.npmjs.org/xmlbuilder/-/xmlbuilder-15.1.1.tgz 2369ms (cache miss)
1625 http fetch GET 200 https://registry.npmjs.org/postcss/-/postcss-8.5.22.tgz 2300ms (cache miss)
1626 http fetch GET 200 https://registry.npmjs.org/postcss/-/postcss-8.4.31.tgz 2255ms (cache miss)
1627 http fetch GET 200 https://registry.npmjs.org/tailwind-merge/-/tailwind-merge-2.6.1.tgz 2318ms (cache miss)
1628 http fetch GET 200 https://registry.npmjs.org/plist/-/plist-3.1.1.tgz 2331ms (cache miss)
1629 http fetch GET 200 https://registry.npmjs.org/styled-jsx/-/styled-jsx-5.1.1.tgz 2388ms (cache miss)
1630 http fetch GET 200 https://registry.npmjs.org/minimatch/-/minimatch-8.0.7.tgz 2415ms (cache miss)
1631 http fetch GET 200 https://registry.npmjs.org/@supabase/supabase-js/-/supabase-js-2.109.0.tgz 2335ms (cache miss)
1632 http fetch GET 200 https://registry.npmjs.org/@revenuecat/purchases-capacitor/-/purchases-capacitor-6.1.2.tgz 2334ms (cache miss)
1633 http fetch GET 200 https://registry.npmjs.org/glob/-/glob-9.3.5.tgz 2437ms (cache miss)
1634 http fetch GET 200 https://registry.npmjs.org/prompts/-/prompts-2.4.2.tgz 2378ms (cache miss)
1635 http fetch GET 200 https://registry.npmjs.org/@supabase/phoenix/-/phoenix-0.4.4.tgz 2403ms (cache miss)
1636 warn deprecated glob@9.3.5: Old versions of glob are not supported, and contain widely publicized security vulnerabilities, which have been fixed in the current version. Please update. Support for old versions may be purchased (at exorbitant rates) by contacting i@izs.me
1637 http fetch GET 200 https://registry.npmjs.org/autoprefixer/-/autoprefixer-10.5.4.tgz 2376ms (cache miss)
1638 http fetch GET 200 https://registry.npmjs.org/@supabase/storage-js/-/storage-js-2.109.0.tgz 2437ms (cache miss)
1639 http fetch GET 200 https://registry.npmjs.org/@capacitor/cli/-/cli-5.7.8.tgz 2446ms (cache miss)
1640 http fetch GET 200 https://registry.npmjs.org/@supabase/postgrest-js/-/postgrest-js-2.109.0.tgz 2491ms (cache miss)
1641 http fetch GET 200 https://registry.npmjs.org/@capacitor/ios/-/ios-5.7.8.tgz 2470ms (cache miss)
1642 http fetch GET 200 https://registry.npmjs.org/jiti/-/jiti-1.21.7.tgz 2575ms (cache miss)
1643 http fetch GET 200 https://registry.npmjs.org/rimraf/-/rimraf-4.4.1.tgz 2532ms (cache miss)
1644 http fetch GET 200 https://registry.npmjs.org/zustand/-/zustand-4.5.7.tgz 2552ms (cache miss)
1645 http fetch GET 200 https://registry.npmjs.org/resolve/-/resolve-1.22.12.tgz 2674ms (cache miss)
1646 http fetch GET 200 https://registry.npmjs.org/@supabase/realtime-js/-/realtime-js-2.109.0.tgz 2643ms (cache miss)
1647 http fetch GET 200 https://registry.npmjs.org/@types/node/-/node-20.19.43.tgz 2603ms (cache miss)
1648 http fetch GET 200 https://registry.npmjs.org/native-run/-/native-run-2.0.3.tgz 2686ms (cache miss)
1649 http fetch GET 200 https://registry.npmjs.org/react-dom/-/react-dom-18.3.1.tgz 2715ms (cache miss)
1650 http fetch GET 200 https://registry.npmjs.org/sucrase/-/sucrase-3.35.1.tgz 2818ms (cache miss)
1651 http fetch GET 200 https://registry.npmjs.org/@supabase/auth-js/-/auth-js-2.109.0.tgz 2812ms (cache miss)
1652 http fetch GET 200 https://registry.npmjs.org/tailwindcss/-/tailwindcss-3.4.19.tgz 3045ms (cache miss)
1653 http fetch GET 200 https://registry.npmjs.org/@swc/helpers/-/helpers-0.5.5.tgz 3133ms (cache miss)
1654 http fetch GET 200 https://registry.npmjs.org/ramda/-/ramda-0.29.1.tgz 3194ms (cache miss)
1655 http fetch GET 200 https://registry.npmjs.org/caniuse-lite/-/caniuse-lite-1.0.30001806.tgz 3295ms (cache miss)
1656 http fetch GET 200 https://registry.npmjs.org/next 3304ms (cache miss)
1657 silly packumentCache corgi:https://registry.npmjs.org/next set size:undefined disposed:false
1658 silly packumentCache corgi:https://registry.npmjs.org/@capacitor%2fcli cache-miss
1659 http fetch GET 200 https://registry.npmjs.org/typescript/-/typescript-5.9.3.tgz 6235ms (cache miss)
1660 http fetch GET 200 https://registry.npmjs.org/@capacitor%2fcli 166ms (cache miss)
1661 silly packumentCache corgi:https://registry.npmjs.org/@capacitor%2fcli set size:undefined disposed:false
1662 silly packumentCache corgi:https://registry.npmjs.org/@supabase%2fssr cache-miss
1663 http fetch GET 200 https://registry.npmjs.org/@supabase%2fssr 71ms (cache miss)
1664 silly packumentCache corgi:https://registry.npmjs.org/@supabase%2fssr set size:undefined disposed:false
1665 http fetch GET 200 https://registry.npmjs.org/lucide-react/-/lucide-react-0.344.0.tgz 7233ms (cache miss)
1666 http fetch GET 200 https://registry.npmjs.org/@next/swc-linux-x64-gnu/-/swc-linux-x64-gnu-14.2.33.tgz 8304ms (cache miss)
1667 http fetch GET 200 https://registry.npmjs.org/next/-/next-14.2.35.tgz 9705ms (cache miss)
1668 silly ADD node_modules/use-sync-external-store
1669 silly ADD node_modules/pend
1670 silly ADD node_modules/fd-slicer
1671 silly ADD node_modules/buffer-crc32
1672 silly ADD node_modules/isexe
1673 silly ADD node_modules/escalade
1674 silly ADD node_modules/is-number
1675 silly ADD node_modules/safe-buffer
1676 silly ADD node_modules/string_decoder
1677 silly ADD node_modules/inherits
1678 silly ADD node_modules/readable-stream
1679 silly ADD node_modules/thenify
1680 silly ADD node_modules/yallist
1681 silly ADD node_modules/mkdirp
1682 silly ADD node_modules/minizlib
1683 silly ADD node_modules/minizlib/node_modules/minipass
1684 silly ADD node_modules/fs-minipass
1685 silly ADD node_modules/fs-minipass/node_modules/minipass
1686 silly ADD node_modules/chownr
1687 silly ADD node_modules/thenify-all
1688 silly ADD node_modules/object-assign
1689 silly ADD node_modules/any-promise
1690 silly ADD node_modules/@jridgewell/resolve-uri
1691 silly ADD node_modules/@jridgewell/trace-mapping
1692 silly ADD node_modules/@jridgewell/sourcemap-codec
1693 silly ADD node_modules/ts-interface-checker
1694 silly ADD node_modules/tinyglobby
1695 silly ADD node_modules/tinyglobby/node_modules/picomatch
1696 silly ADD node_modules/tinyglobby/node_modules/fdir
1697 silly ADD node_modules/pirates
1698 silly ADD node_modules/mz
1699 silly ADD node_modules/lines-and-columns
1700 silly ADD node_modules/@jridgewell/gen-mapping
1701 silly ADD node_modules/queue-microtask
1702 silly ADD node_modules/function-bind
1703 silly ADD node_modules/hasown
1704 silly ADD node_modules/supports-preserve-symlinks-flag
1705 silly ADD node_modules/path-parse
1706 silly ADD node_modules/is-core-module
1707 silly ADD node_modules/es-errors
1708 silly ADD node_modules/pify
1709 silly ADD node_modules/util-deprecate
1710 silly ADD node_modules/cssesc
1711 silly ADD node_modules/camelcase-css
1712 silly ADD node_modules/read-cache
1713 silly ADD node_modules/is-extglob
1714 silly ADD node_modules/binary-extensions
1715 silly ADD node_modules/to-regex-range
1716 silly ADD node_modules/reusify
1717 silly ADD node_modules/run-parallel
1718 silly ADD node_modules/fastq
1719 silly ADD node_modules/@nodelib/fs.scandir
1720 silly ADD node_modules/merge2
1721 silly ADD node_modules/@nodelib/fs.walk
1722 silly ADD node_modules/@nodelib/fs.stat
1723 silly ADD node_modules/fill-range
1724 silly ADD node_modules/picomatch
1725 silly ADD node_modules/readdirp
1726 silly ADD node_modules/is-binary-path
1727 silly ADD
1728 silly ADD node_modules/braces
1729 silly ADD node_modules/anymatch
1730 silly ADD node_modules/sucrase
1731 silly ADD node_modules/sucrase/node_modules/commander
1732 silly ADD node_modules/resolve
1733 silly ADD node_modules/postcss-selector-parser
1734 silly ADD node_modules/postcss-nested
1735 silly ADD node_modules/postcss-load-config
1736 silly ADD node_modules/postcss-js
1737 silly ADD node_modules/postcss-import
1738 silly ADD node_modules/object-hash
1739 silly ADD node_modules/normalize-path
1740 silly ADD node_modules/micromatch
1741 silly ADD node_modules/lilconfig
1742 silly ADD node_modules/jiti
1743 silly ADD node_modules/is-glob
1744 silly ADD node_modules/glob-parent
1745 silly ADD node_modules/fast-glob
1746 silly ADD node_modules/fast-glob/node_modules/glob-parent
1747 silly ADD node_modules/dlv
1748 silly ADD node_modules/didyoumean
1749 silly ADD node_modules/chokidar
1750 silly ADD node_modules/chokidar/node_modules/glob-parent
1751 silly ADD node_modules/arg
1752 silly ADD node_modules/@alloc/quick-lru
1753 silly ADD node_modules/client-only
1754 silly ADD node_modules/ansi-regex
1755 silly ADD node_modules/emoji-regex
1756 silly ADD node_modules/color-name
1757 silly ADD node_modules/color-convert
1758 silly ADD node_modules/is-fullwidth-code-point
1759 silly ADD node_modules/astral-regex
1760 silly ADD node_modules/ansi-styles
1761 silly ADD node_modules/shebang-regex
1762 silly ADD node_modules/lru-cache
1763 silly ADD node_modules/balanced-match
1764 silly ADD node_modules/brace-expansion
1765 silly ADD node_modules/path-scurry
1766 silly ADD node_modules/path-scurry/node_modules/minipass
1767 silly ADD node_modules/minipass
1768 silly ADD node_modules/minimatch
1769 silly ADD node_modules/fs.realpath
1770 silly ADD node_modules/glob
1771 silly ADD node_modules/scheduler
1772 silly ADD node_modules/js-tokens
1773 silly ADD node_modules/loose-envify
1774 silly ADD node_modules/sisteransi
1775 silly ADD node_modules/source-map-js
1776 silly ADD node_modules/nanoid
1777 silly ADD node_modules/xmlbuilder
1778 silly ADD node_modules/base64-js
1779 silly ADD node_modules/@xmldom/xmldom
1780 silly ADD node_modules/is-wsl
1781 silly ADD node_modules/is-docker
1782 silly ADD node_modules/define-lazy-prop
1783 silly ADD node_modules/streamsearch
1784 silly ADD node_modules/@swc/counter
1785 silly ADD node_modules/styled-jsx
1786 silly ADD node_modules/busboy
1787 silly ADD node_modules/@swc/helpers
1788 silly ADD
1789 silly ADD
1790 silly ADD
1791 silly ADD
1792 silly ADD node_modules/@next/swc-linux-x64-gnu
1793 silly ADD
1794 silly ADD
1795 silly ADD
1796 silly ADD
1797 silly ADD node_modules/@next/env
1798 silly ADD node_modules/sax
1799 silly ADD node_modules/big-integer
1800 silly ADD node_modules/yauzl
1801 silly ADD node_modules/through2
1802 silly ADD node_modules/split2
1803 silly ADD node_modules/ini
1804 silly ADD node_modules/elementtree
1805 silly ADD node_modules/bplist-parser
1806 silly ADD node_modules/universalify
1807 silly ADD node_modules/jsonfile
1808 silly ADD node_modules/graceful-fs
1809 silly ADD node_modules/at-least-node
1810 silly ADD node_modules/ms
1811 silly ADD node_modules/which
1812 silly ADD node_modules/shebang-command
1813 silly ADD node_modules/path-key
1814 silly ADD node_modules/update-browserslist-db
1815 silly ADD node_modules/node-releases
1816 silly ADD node_modules/electron-to-chromium
1817 silly ADD node_modules/baseline-browser-mapping
1818 silly ADD node_modules/postcss-value-parser
1819 silly ADD node_modules/picocolors
1820 silly ADD node_modules/fraction.js
1821 silly ADD node_modules/caniuse-lite
1822 silly ADD node_modules/browserslist
1823 silly ADD node_modules/csstype
1824 silly ADD node_modules/@types/prop-types
1825 silly ADD node_modules/undici-types
1826 silly ADD node_modules/iceberg-js
1827 silly ADD node_modules/@supabase/phoenix
1828 silly ADD node_modules/@supabase/storage-js
1829 silly ADD node_modules/@supabase/realtime-js
1830 silly ADD node_modules/@supabase/postgrest-js
1831 silly ADD node_modules/@supabase/functions-js
1832 silly ADD node_modules/@supabase/auth-js
1833 silly ADD node_modules/ramda
1834 silly ADD node_modules/cookie
1835 silly ADD node_modules/@revenuecat/purchases-typescript-internal-esm
1836 silly ADD node_modules/wrap-ansi
1837 silly ADD node_modules/untildify
1838 silly ADD node_modules/strip-ansi
1839 silly ADD node_modules/string-width
1840 silly ADD node_modules/slice-ansi
1841 silly ADD node_modules/@types/slice-ansi
1842 silly ADD node_modules/tree-kill
1843 silly ADD node_modules/signal-exit
1844 silly ADD node_modules/@ionic/utils-object
1845 silly ADD node_modules/cross-spawn
1846 silly ADD node_modules/@ionic/utils-stream
1847 silly ADD node_modules/@ionic/utils-process
1848 silly ADD node_modules/@ionic/utils-process/node_modules/@ionic/utils-terminal
1849 silly ADD node_modules/@ionic/utils-array
1850 silly ADD node_modules/fs-extra
1851 silly ADD node_modules/@types/fs-extra
1852 silly ADD node_modules/xml2js
1853 silly ADD node_modules/xml2js/node_modules/xmlbuilder
1854 silly ADD node_modules/tslib
1855 silly ADD node_modules/tar
1856 silly ADD node_modules/tar/node_modules/minipass
1857 silly ADD node_modules/semver
1858 silly ADD node_modules/rimraf
1859 silly ADD node_modules/prompts
1860 silly ADD node_modules/prompts/node_modules/kleur
1861 silly ADD node_modules/plist
1862 silly ADD node_modules/open
1863 silly ADD node_modules/native-run
1864 silly ADD node_modules/kleur
1865 silly ADD node_modules/env-paths
1866 silly ADD node_modules/debug
1867 silly ADD node_modules/commander
1868 silly ADD node_modules/@ionic/utils-terminal
1869 silly ADD node_modules/@ionic/utils-subprocess
1870 silly ADD node_modules/@ionic/utils-subprocess/node_modules/@ionic/utils-terminal
1871 silly ADD node_modules/@ionic/utils-fs
1872 silly ADD node_modules/@ionic/cli-framework-output
1873 silly ADD node_modules/zustand
1874 silly ADD node_modules/typescript
1875 silly ADD node_modules/tailwindcss
1876 silly ADD node_modules/tailwind-merge
1877 silly ADD node_modules/react-dom
1878 silly ADD node_modules/next
1879 silly ADD node_modules/next/node_modules/postcss
1880 silly ADD node_modules/react
1881 silly ADD node_modules/lucide-react
1882 silly ADD node_modules/clsx
1883 silly ADD node_modules/postcss
1884 silly ADD node_modules/autoprefixer
1885 silly ADD node_modules/@types/react-dom
1886 silly ADD node_modules/@types/react
1887 silly ADD node_modules/@types/node
1888 silly ADD node_modules/@supabase/supabase-js
1889 silly ADD node_modules/@supabase/ssr
1890 silly ADD node_modules/@revenuecat/purchases-capacitor
1891 silly ADD node_modules/@capacitor/push-notifications
1892 silly ADD node_modules/@capacitor/ios
1893 silly ADD node_modules/@capacitor/core
1894 silly ADD node_modules/@capacitor/cli
1895 verbose cwd /home/user
1896 verbose os Linux 6.1.158+
1897 verbose node v20.20.2
1898 verbose npm  v10.8.2
1899 verbose exit 0
1900 info ok
